A11,B11,C11,mean_WT-NB2,std_WT-NB2
2.377984104746815,2.7569458973924146,2.622567406759367,2.585832469632866,0.19213303145361976
2.7328222648552623,2.505198357269547,3.165677901751043,2.8012328412919505,0.3355120152780241
2.6017911094380457,2.8900811072535464,2.547036857660127,2.6796363581172393,0.1842952830411625
1.8583209496874487,2.522247122323641,2.7235744972698743,2.368047523093655,0.4527682218343173
1.6715595668545173,1.6229864972771166,2.2473105138265588,1.847285525986064,0.34728205963544045
1.2780862683459888,1.6467883554272582,1.8808160027966463,1.6018968755232976,0.30386216764137614
1.3990596687890111,1.3300272362816894,1.4546846605404293,1.3945905218703765,0.06244876549092965
1.5468215330916675,1.023527433572424,1.551944776848434,1.3740979145041752,0.3036137488358972
1.1460592191400867,1.160858651152638,0.8598384214626905,1.0555854305851382,0.16968330643366572
0.6223553351012039,0.8023633827225108,0.9786883664658574,0.8011356947631908,0.17816968800465158
0.44824456866097784,0.8568139009417701,1.1983317505329594,0.8344634067119024,0.37554274529859083
0.19651908198639587,0.7479844910778822,0.43121032839542217,0.4585713004865668,0.2767489682933604
0.7121562841172524,0.45001724728028336,0.6258374006733131,0.5960036440236163,0.13359176035717338
0.31901033220519753,0.6517851050436505,0.36169702882739524,0.4441641553587478,0.18106734266060948
0.0026700586434167425,0.05143366136703707,0.415837625005746,0.15664711500539993,0.2257858777544034
0.4046060199781174,0.3358824549740566,0.13123207178872026,0.29057351558029815,0.14220760837207433
0.10205615193786899,0.19626687315523397,0.3713459149285071,0.22322298000720334,0.1366536420493417
0.40532150102152703,0.3224697447121928,0.5825731309633175,0.43678812556567914,0.13287608599735853
0.03406348605935319,0.09365860474992321,0.5594196474612265,0.22904724609016766,0.28765836896168306
0.33366865918103294,0.38158372067043694,0.34481648826624034,0.3533562893725701,0.02507308181267501
0.7909841706596114,0.6061305833612594,0.9948651560080676,0.7973266366763129,0.19444488203371132
0.8928086267705393,1.3877503862206237,1.0257423915191692,1.1021004681701108,0.256153768690331
0.6509259771989129,1.0232757935234846,1.1142362219723272,0.9294793308982415,0.24548406878809212
0.6148811374479883,1.2039959757242986,1.703684002022509,1.1741870383982653,0.5450131640931264
1.0336359348334123,1.8174387302531056,1.3453187440783998,1.3987978030549726,0.3946285758009628
1.7965484115486237,1.6720427465565686,1.471461563065476,1.6466842403902227,0.16402028880726224
1.8847122217262413,2.4994213779761227,2.295088682787523,2.2264074274966292,0.31305698014197036
2.489711910219698,2.7500801928000156,2.714712618750986,2.6515015739235666,0.14122548560577353
3.1572451749275094,3.7781118319357514,3.527707321372052,3.4876881094117707,0.3123619766242186
3.6497069032615648,4.403039470571396,3.7880532369507067,3.9469332035945555,0.401010750595253
4.737055959762677,5.587430514075239,4.276740416826577,4.867075630221497,0.6649480948059718
5.384234757746169,6.092885447651251,5.109405823555922,5.528842009651114,0.5074361888260411
7.010518838250994,8.286478875303706,6.268517149675626,7.188504954410109,1.0206868641674678
7.77616088191406,8.886747982112357,6.466376253994246,7.709761706006887,1.2115512632527055
9.70840495973494,10.18716934075504,8.565245345612835,9.486939882034271,0.8333333348578074
10.92444953585582,12.167249318605405,9.94589035944288,11.012529737968036,1.1132957818414662
11.573961238158008,13.34585199598102,11.021897521194395,11.980570251777808,1.2141619610611445
13.608138182135834,15.514710628006876,12.67498448963676,13.93261109992649,1.4474022043026944
15.132165272983155,16.509016348937504,14.753320739445764,15.464834120455473,0.9239146009540405
17.29529125018407,17.97149196697935,15.372068131963754,16.879617116375726,1.3486436918807674
17.855539536157632,19.5575410955718,17.319333269346398,18.244137967025278,1.1686103386923958
20.060798546136603,20.497400846857506,18.146821732875377,19.568340375289832,1.2502767014935392
21.9692576541957,22.885923957536342,20.192342492297012,21.68250803467635,1.3694941714702848
22.882277507471898,23.56582007294436,21.461815742744953,22.636637774387072,1.0732952595753655
23.791301917674875,25.063333306029122,23.241535242726975,24.03205682214366,0.9344566543624122
24.534664696571816,25.890691512978385,24.013969963625804,24.813108724392,0.9688494469847388
26.695776645252778,26.85122637572096,25.322541579883858,26.289848200285864,0.8413101259825785
26.74474853990074,28.432317556551578,26.39054483430409,27.189203643585472,1.091038137152882
27.67375413128738,28.64196433127697,27.40058632690751,27.905434929823954,0.652312679426809
28.402920883630905,30.329499995943195,28.14257927070595,28.95833338342668,1.194578523293925
28.7845381465009,30.225257362955947,28.75960620688181,29.256467238779553,0.8390894641988891
30.471857584147166,31.594169290292623,29.92639139121022,30.664139421883334,0.8503528732293006
31.00753292844577,31.82339326933497,31.10001352809067,31.310313241957136,0.44673985852865156
31.901094104344413,32.90277904897106,31.02673849922265,31.94353721751271,0.9387401661091556
32.508873880999026,32.75070255416055,31.941183330002648,32.400253255054075,0.41554683713849483
32.989802347371196,34.255651449217005,32.57906124687765,33.27483834782195,0.873883755318636
32.83657960919445,33.39071730640806,33.40439749344936,33.21056480301729,0.323952899012187
34.218592302068956,34.769720884161835,33.31387102620543,34.100728070812075,0.7350467229947022
34.436970252962844,34.30380949921578,33.79201782480091,34.17759919232651,0.34049624053990246
35.17719098096968,34.77992563571382,35.39447491233384,35.11719717633911,0.311636239539121
35.73001108692221,35.8301309877524,35.11514158405622,35.558427886243614,0.38714733360284137
34.98446419071868,36.34919216719026,34.75877352254347,35.36414329348414,0.8605085892178057
35.53991726256189,35.91317346892905,35.32784789251816,35.59364620800304,0.2963386699096989
35.22350273572753,36.06433363229659,35.686157083884865,35.65799781730299,0.4211221406873589
36.32916732247815,36.022760028430326,36.522687219717426,36.291538190208634,0.252078882184862
36.153528132907944,36.465770523932875,37.14047335095771,36.58659066926617,0.5044436009075709
37.532081855687764,38.28140840572089,37.624265330880085,37.81258519742958,0.40862066608169817
36.196707152701045,37.65576215261973,36.47852001069366,36.776996438671475,0.7739680269499041
36.67112430479299,38.09000240575241,37.88898457762219,37.55003709605586,0.7677680722657512
37.69565800442108,38.237824630161505,38.77761894308889,38.23703385922383,0.5409809027957829
37.24675998504955,37.759852947548175,36.75437672270277,37.2536632184335,0.5027736574798899
37.15242274599737,37.98963951348285,37.741791922531796,37.62795139400401,0.4300613077124282
37.60470163736434,37.77052602226055,37.932622734706456,37.76928346477712,0.16396407985390765
38.32441707912041,37.68617810123951,37.848870573824186,37.953155251394705,0.3316530094897414
37.51275991901565,38.967528777573264,38.439003341425234,38.30643067933805,0.736389666553597
37.225960106534544,38.38731057116439,38.273759386405196,37.962343354701375,0.6402489234864878
37.96331820260011,38.632649819265794,38.5059239923846,38.367297338083496,0.3555477678584319
38.26863918822029,39.08695726999943,38.87751425710749,38.74437023844241,0.4250960103569422
37.75818496506578,39.76629785299332,38.9253663585694,38.816616392209504,1.008463811473981
38.23919932274716,39.10346571253321,39.694054787017194,39.01223994076585,0.7317053447631805
38.71678249748195,40.04893571282489,38.75077894969066,39.172165719999164,0.7594953291037475
38.083168359297765,39.50396667436792,39.00045796491532,38.862530999527,0.7203713270685282
38.112095677727964,39.034502674354435,39.638033944801684,38.92821076562803,0.7685020339111106
39.2937675677725,39.99883542862564,39.887160392699464,39.72658779636586,0.37896944615890904
37.99314051202599,39.150465562323525,39.500603592458006,38.88140322226918,0.7889278432423589
39.57955556501748,39.684414049974635,39.33410843390049,39.5326926829642,0.17979322414659063
39.315192410917234,40.25046287310935,39.293808247046535,39.61982117702437,0.5462563795936978
39.21198024240356,40.157208998979726,38.54981224338434,39.30633382825587,0.807841588337118
38.49412573504549,40.8685544495998,40.365519684295286,39.90939995631353,1.2512041539315713
38.91484159822644,39.40309899928076,40.269768988177425,39.52923652856154,0.6862142997851647
40.01247376549663,39.09313701982949,40.34557326684759,39.81706135072457,0.6486822389247906
39.27480286960934,40.431956619509805,40.319642048978736,40.008800512699295,0.6381363849010655
39.068487698843796,40.79605749340451,39.576501950704035,39.81368238098411,0.887871199077051
39.60479569968166,40.84112076463886,39.491307422446226,39.97907462892225,0.748707254102311
39.03176670071577,40.127900518424134,40.86261254116092,40.00742658676694,0.9213493360422708
38.60951402775191,40.7708008868894,39.52630877188011,39.635541228840474,1.0847760225550205
39.41924310665282,41.677064836667874,40.111898660945684,40.40273553475546,1.1566673275007053
39.228294278471324,40.39583734620647,40.020318834432146,39.88148348636998,0.5960248687410248
40.263758558995434,40.15975940851966,40.69915359666794,40.37422385472768,0.2861615954717622
39.36262955357589,40.2579526286113,40.92184956691998,40.18081058303573,0.7824672094726225
38.86789024313604,39.20471774333976,41.188371640464865,39.75365987564688,1.2538586751718512
39.871580049438606,40.33067480378057,40.09172521439286,40.09799335587068,0.22961155363845695
39.57593248292765,41.04276806476175,41.19890857569945,40.60586970779628,0.8953619269136642
39.62983108468377,40.26381863661278,40.76150145146096,40.218383724252504,0.5672016424573296
39.40306143403073,40.88492330067877,40.76227847487994,40.350087736529815,0.8224381749059436
38.85235027662402,40.947685498475956,40.633015880941024,40.14435055201367,1.1299127292650009
40.429236626596015,41.74256969074343,41.956992578865034,41.376266298734826,0.8271294902680658
39.52144003429003,40.06115469552151,40.097443518422224,39.89334608274459,0.3225907644751979
40.8153637500573,40.65862495727572,41.4467216506879,40.97357011934031,0.4171882560704284
40.420005706455626,40.07211025575372,41.57349767987658,40.68853788069531,0.7858900659634198
39.693411888326594,40.88880427755587,40.24253843878274,40.27491820155507,0.5983536394430251
38.82002743575128,40.12908061817947,41.08568577762589,40.011597943852216,1.1373889240720687
40.63813655628273,40.19962821395939,41.21061606811031,40.682793612784145,0.5069712021719752
39.96209773256908,40.997887601566894,41.044338904732825,40.66810807962293,0.6118638643536501
40.60833888724355,41.14543279533983,41.47807376875653,41.0772818171133,0.4388543128476977
39.66201861218484,40.537992044702165,41.514519603068926,40.571510086651976,0.9267052253325998
39.775158836945025,41.201422750516045,41.20570910324402,40.72743023023503,0.8246940026845061
39.679847590435465,40.063545011379986,41.8590871924604,40.534159931425286,1.163348663550778
40.05352783577615,40.66718767435116,39.970330077042334,40.23034852905655,0.3805940040395782
40.33585421968582,41.55926638612833,41.204942205838265,41.03335427055081,0.6294967409780988
39.798289026695976,41.263131411724416,40.843599784335574,40.63500674091865,0.7543699997782266
40.04621904597907,40.578302064571474,40.910060762562814,40.51152729103779,0.43577491966948156
40.39553420950348,40.74827399446354,40.239517742769465,40.46110864891216,0.26064005109973587
39.309276443869926,40.820253131747954,41.8543273718692,40.66128564916236,1.2799508005846147
39.24458514153824,41.64824299203867,41.5253534136918,40.806060515756236,1.3536725860907048
40.08667132687712,41.06299526723026,40.46906479719743,40.539577130434935,0.4919665649011269
40.898209175348555,40.80409813833113,41.374608155696876,41.025638489792186,0.30585796150067285
39.73455554006387,40.53296998913215,41.15970775456033,40.475744427918784,0.7142974046314161
40.818523093806746,40.34060087269469,41.34713522106772,40.83541972918972,0.5034798613938088
40.002770460564626,41.91036656941354,41.85924651549874,41.25746118182564,1.086894622073325
40.18667752274735,41.25296934168287,40.453723017739726,40.63112329405664,0.5548402511626158
40.16163310410666,41.2225591519119,40.98400772939418,40.78939999513758,0.5565924428181505
39.49240254597296,39.91902058892649,41.37376480723762,40.26172931404569,0.9863913737621292
40.45443980309614,40.6219564675132,40.8085720380071,40.62832276953881,0.17715193282001807
39.97654210488787,40.208022776063395,41.21956101103617,40.46804196399581,0.6610457501794444
40.23527804577378,41.2838270276049,40.40867763887268,40.64259423741712,0.5620511303526743
41.17564312573489,40.87023677398452,42.213552611682154,41.41981083713386,0.7041574848140714
39.68525311190593,40.99158860940029,40.86076863123795,40.512536784181385,0.7194283650800667
40.25257797918646,40.850454998080146,40.33122816334731,40.47808704687131,0.32486902158059816
40.51893442804537,41.80361115923359,41.98330733850529,41.43528430859475,0.7986523066381015
40.055570465009296,39.961983209025085,41.02250505244459,40.346686242159656,0.587143885152415
40.190723483934306,40.686066065835796,40.18825180174034,40.35501378383682,0.2867023497737097
39.84116954435054,41.000372090981394,40.77697363822383,40.539505091185255,0.6150049749012778
39.324715206714565,39.621470794992504,40.424256765800564,39.790147589169216,0.5688469088512442
39.69681314114973,40.424434482063525,42.390499915658076,40.837249179623775,1.3934845139726573
40.787186525953686,41.224800197013025,41.66186104745178,41.22461592347283,0.43733728986565146
40.663481180899915,40.173715549755876,41.93553537635343,40.92424403566974,0.909395527352559
40.51595173332492,41.60898440165189,41.077368350590824,41.06743482852254,0.5465840371370213
40.1289167401378,40.87202248271694,41.28626327033727,40.76240083106401,0.5864089252599506
40.14912684632252,42.433136904377164,41.45740517060781,41.346556307102496,1.14603276097545
40.053090206844374,41.13756415433901,41.13973451143795,40.77679629087378,0.6267487931048338
39.79411934164851,40.252276954952684,40.12439980287867,40.05693203315995,0.23641282668302366
40.61073771562205,40.739993884575334,40.75039130340674,40.70037430120137,0.07780144397971271
39.51991663641978,40.30080227646879,41.12532376112413,40.31534755800423,0.802802393446906
40.16010366277488,40.991425343268226,41.84544627535983,40.998991760467646,0.8426967832207478
40.8586289005114,41.60728867356539,40.88355195061994,41.116489841565574,0.42522689205407244
41.11675070905562,40.49996759651281,41.42783542725995,41.01485124427613,0.47225237270511544
40.89740662395288,41.840253758368014,40.60513905078199,41.114266477700966,0.6454829450493289
40.674017525733774,39.46913041580849,40.30120913230493,40.14811902461573,0.6168595243005023
41.174627387026916,40.63856528527033,40.6809336437871,40.831375438694785,0.29801878208630705
40.29678860681069,40.647267757890944,41.33178140557935,40.75861259009366,0.5264036256708652
39.41643798565466,40.65417982239834,41.89771122823941,40.65610967876413,1.2406377470280971
40.61036253299838,40.73611154727802,42.95390264217676,41.433458907484386,1.3182431742368474
40.31086400360572,41.50945874598793,41.8240154112425,41.21477938694539,0.7984570990933597
40.83351667862078,41.00020074216475,40.57794946437572,40.80388896172042,0.21267906950417872
39.38988714058618,40.868179346272235,41.00532841547418,40.421131634110864,0.8957127725250302
40.24166967214098,40.93981438725955,40.726025219189594,40.63583642619671,0.3577038224539034
40.426440754896504,41.45908086795657,40.71440821963602,40.8666432808297,0.5328865134038017
39.07090847763748,41.117483738929025,41.0153508502916,40.4012476889527,1.1532387413746805
39.96750423169275,40.6729001392583,41.024673433415735,40.55502593478892,0.5383515824508823
40.34189312695125,41.35810673671385,41.14850623819322,40.949502033952776,0.5365394022303626
39.61275608229845,40.89295092762216,41.76978310476216,40.75849670489426,1.0847810135767892
39.89125793307207,40.44219752770922,41.54547876841784,40.62631140973304,0.8423390553621649
40.50593151306916,41.89784003008261,41.8224384660972,41.40873666974966,0.782760635289958
40.32010702140397,41.371879442547616,40.81396352036977,40.83531666144045,0.5262112446012344
41.16937441660056,40.87157785637613,41.14778472695332,41.06291233331,0.1660517697058231
40.19031206513796,39.875405898475755,41.294076195775645,40.45326471979645,0.7449929040294286
41.24725397975853,41.85952429069987,41.115381226617274,41.40738649902523,0.3970756133919378
40.7676816854362,41.842888123261645,40.787163363105186,41.13257772393434,0.6152239685558271
39.245181512346406,40.08756368093039,41.278544978219465,40.20376339049875,1.0216499035700313
39.022641048490044,40.911983901966764,40.83756677946963,40.257397243308816,1.0699773934587045
39.6545171505913,41.07291107054159,41.04560681631299,40.59101167914863,0.8111429479987488
40.192176421610775,40.53635987776645,41.69485124414522,40.807795847840815,0.7872521959050922
40.60983353998835,41.65687012687113,40.946359153593725,41.07102094015107,0.5345342125051812
39.51787455012289,41.288695309733,41.40705988939582,40.7378765830839,1.0582089886933685
40.690960489126795,40.541125005100824,40.74879903279927,40.660294842342296,0.10717934439367215
40.68047758046232,40.81188758272699,41.492372756081686,40.994912639757,0.43579475980572296
39.145269966833304,41.70491467635215,41.00252152495818,40.617568722714545,1.3225304362124828
40.12979837501171,41.66286787435482,42.20362820902592,41.332098152797485,1.075755084411035
40.439317890971616,40.90077913273588,41.20577959317914,40.84862553896221,0.38588325079659075
40.394893951186305,42.502698380954136,41.555741172559046,41.48444450156649,1.0557093776263373
40.896628456802254,40.69700621657204,42.046810060407545,41.213481577927276,0.7285530382088027
40.70378430128879,40.78459626648092,41.43936830363994,40.97591629046988,0.40338997237547475
40.85802411495505,41.17745189868433,41.63073545384335,41.222070489160906,0.3882831663537897
40.071599621921756,40.46560541010699,40.716546739428146,40.41791725715229,0.32510739155565666
40.62907461470122,41.372314526972986,41.29944933127522,41.100279490983134,0.4096984998262938
40.24854073687039,40.677516773282726,42.29308370099977,41.0730470703843,1.0781336396693522
39.54189332588901,41.50452579492982,41.40311171463853,40.81651027848579,1.1050146993617982
40.3364646214888,40.947956718398366,41.25711923967674,40.84718019318797,0.4685276539573798
41.137139183206386,40.611480195899674,41.29965181713156,41.016090398745874,0.35970078013782086
40.60291425206998,41.05468668233081,42.28180232049739,41.31313441829939,0.8687708044976226
39.878001486213634,41.29769683942367,42.09119049879112,41.08896294147615,1.1212621377103151
39.87226640984661,41.58466920865165,42.97233582703283,41.47642381517702,1.5528668316213348
39.806045869355614,41.239167386175474,41.62821224054806,40.891141832026385,0.9596425953612874
40.90062265164857,40.73302241526097,40.760082138445995,40.797909068451844,0.08997564828633002
40.31100428778481,41.03126071845573,41.605714047595036,40.98265968461186,0.6487217322588954
40.610966515349666,40.63903933511457,41.16432551882072,40.804777123094986,0.31169425316181215
40.66748727535044,41.796848339420364,42.132904009088726,41.53241320795318,0.7676626895620233
40.18647850753226,41.25401588798589,41.79006477885881,41.07685305812566,0.8163407582681489
40.37340528646693,41.03420891958766,40.89994169071685,40.769185298923816,0.349268214818414
40.12127061553164,41.25730357425327,42.30864458045724,41.22907292341405,1.0939602108137605
41.56602897367215,42.39183918829827,41.71849395697787,41.8921207063161,0.4394318078035883
41.12269168991759,41.60149436962647,40.842664460034996,41.188950173193014,0.3837295243750765
39.73359666315658,41.9091539354147,41.70852073985186,41.11709044614105,1.2023330260198049
40.5203083365132,40.745640950687424,41.239794178230255,40.83524782181029,0.368017679768441
40.88989925847938,42.451741093206074,40.690248704769886,41.34396301881845,0.9645435617273054
40.546613581069074,41.63051564440566,41.99853081433433,41.391886679936356,0.7548004703734154
40.56357770190928,41.737834749564,41.2341734822457,41.17852864457299,0.5891028471000724
41.26083414763726,41.9588850411463,41.43175038532759,41.55048985803705,0.36385857041807257
41.2997516488662,41.72413860886892,41.43038328620436,41.48475784797983,0.2173557399317838
40.7572316627998,40.468229622066744,41.60516830701031,40.943543197292286,0.5909241780837949
39.87182041903613,40.75457053825983,40.68863569403882,40.4383422171116,0.49172864640124647
40.381355549206496,41.36866136107385,41.45988942287628,41.06996877771888,0.5980984648673978
40.885119179439556,41.27420905489542,41.87250569259987,41.34394464231162,0.49737342179386046
41.650848417818295,41.521963618628796,41.29170616904471,41.488172735163936,0.1819399806736804
40.584640578670616,41.764936816772654,41.76154865185944,41.370375349100904,0.6804683806120039
41.03939426735998,41.11698181849943,41.781645481911895,41.31267385592377,0.4079898853028267
40.67721972588129,42.19900390830668,40.970051383092986,41.282091672426986,0.8074550334822141
40.07031938492124,41.50532901822358,41.18008475922388,40.918577720789564,0.7523979068821502
41.36200345074113,41.77507902025969,41.568318184168405,41.5684668850564,0.20653782490681097
40.94501863354713,42.030302915608196,40.99028435434602,41.32186863450045,0.6139394060950565
40.99447960807447,42.22449311959908,42.46003186437802,41.893001530683854,0.7870043577581125
40.65280633810687,42.18539445045176,42.316060855554426,41.71808721470435,0.9248707676691039
41.10045624639753,41.04152574383308,42.65640779374192,41.599463261324175,0.9158149428181159
40.11699121090173,40.8483685237301,40.68440357444776,40.54992110302653,0.38378684809368235
39.743298761425905,40.71173269912039,41.76346376080512,40.73949840711714,1.0103686738436732
40.60026723947245,41.59055073985906,41.23692772784644,41.142581902392656,0.5018378262645286
40.40603856477072,41.17956829714748,42.264365209774446,41.28332402389754,0.9334979475112836
41.109863236507145,40.95524443846122,41.94425831603384,41.33645533033407,0.5320198259900263
40.40253614732371,41.47646149870209,41.68527236592135,41.18809000398238,0.68827439357476
40.42301037743746,42.21710618291815,41.229630334495084,41.2899156316169,0.8985659005313156
40.88837290316515,41.64537141802756,42.093411663179765,41.542385328124155,0.6090847267167226
40.77237590223087,40.52217214603021,40.45606598708469,40.58353801178192,0.16684519086428212
41.84007481232715,42.78939535934555,41.992558759992264,42.20734297722165,0.5098054238883282
41.51021549653646,41.96030327545927,41.686767723929776,41.719095498641835,0.22677867172044996
41.58317533652295,42.83886675527702,40.65260567034578,41.69154925404858,1.0971522512263596
40.32363235065554,39.35533655859604,41.661874759903135,40.44694788971824,1.15820320330803
40.77715609369211,42.060315000692476,42.15331624957649,41.66359578132036,0.769086339707932
41.07040072569603,41.15961407026657,41.252978634221336,41.16099781006131,0.09129681934346431
41.11802880220603,40.91670184831618,41.56725855277135,41.200663067764516,0.3330575367878443
41.25728457605995,41.55553328431487,41.41666048247819,41.409826114284336,0.14924176505049963
41.571848079591604,40.972722489883495,41.506169418189046,41.35024666255472,0.3285906227423796
41.42667929444014,42.5658263881684,41.05037399974469,41.68095989411774,0.7890772794372409
39.91162729814282,42.08902582596342,41.81478415439624,41.27181242616749,1.1859088542044938
39.62326310215673,42.39523717622974,42.86821399803517,41.62890475880722,1.7529619532836627
40.911169165759134,41.046508918789854,41.07134780028508,41.00967529494469,0.08620809488571607
39.77516643287854,41.87841444830397,41.76655435092882,41.140045077370445,1.1833420705733124
40.45808614986035,40.339297040017854,41.24056428915652,40.67931582634491,0.48967090061651536
40.69834737932172,43.046870369056776,40.26629362151557,41.337170456631355,1.496319803825112
40.17959972385772,41.39907976689808,41.64179576340821,41.073491751388005,0.7835878900302944
41.110650730494925,41.83359687142092,41.27522944147553,41.406492347797126,0.3789264356071535
39.504587674353886,41.493206171782006,42.221175867116806,41.07298990441757,1.406200247398287
41.56240753363928,41.854735585407575,41.61683235469657,41.67799182458114,0.15546473243177375
39.956908408328815,41.51627503339322,40.91541070196479,40.79619804789561,0.7864889131506259
40.407714454146145,41.88649230664932,41.328126963740765,41.20744457484542,0.7467390196752778
41.63635481287084,41.75074395156881,42.86831766595204,42.085138810130566,0.6806600171285184
41.6526698326442,41.07400053536708,41.86286915033984,41.52984650611703,0.4085249075352196
39.80566452202992,42.71534791273655,41.3014172570243,41.27414323059693,1.4550334233022526
40.43563262292902,42.22368300691919,42.16776156000315,41.60902572995045,1.0165728403613556
40.6092549413059,40.71982568601227,42.56780744123649,41.29896268951822,1.1002416668025612
40.26067437765237,42.183962295811824,41.61302873216579,41.35255513521,0.9877469185311828
40.68641866034908,41.883888243883156,41.19511365195635,41.25514018539619,0.6009873038674979
40.67793669098276,41.44346247103983,41.35448438106894,41.158627847697176,0.41866127863859054
40.52359824043164,42.213373088664724,41.563236516931134,41.433402615342494,0.8523364306021316
40.81528278517392,41.53973322122304,40.99547644770132,41.11683081803276,0.37716345391864803
41.06951153678132,42.678479714391294,41.811799337233204,41.8532635294686,0.8052851101123694
40.437359435510785,41.52471774111427,41.834002495521986,41.26535989071568,0.7335549264996426
40.92865693206149,41.6496248688672,41.95622555496582,41.51150245196484,0.5275250422800662
40.66849056436504,41.77575843389447,41.941948109650845,41.46206570263678,0.6922614225451742
39.849271328032984,41.62071664122177,41.93901767780438,41.13633521568638,1.1259347119831113
40.199916834946706,41.34566357326469,42.280989723031496,41.275523377080965,1.0423079327727056
40.243865865979316,40.597716094424044,41.53748922431521,40.793023728239525,0.6685612553670826
41.26264421508674,42.87781595859105,40.44577754001071,41.52874590456283,1.2376632414430084
40.6758524908353,41.56169877090882,42.177282760865076,41.471611340869735,0.7547582544952454
41.12852360332615,41.870324507522234,41.36426435718604,41.454370822678136,0.3790204832316339
40.065816006038254,40.8973583726393,42.43304081508065,41.13207173125274,1.2009396715364817
41.166045939531145,43.1155250664633,42.23422776284826,42.17193292294757,0.97623137723325
40.78751808745608,41.28170701177097,41.81848316188495,41.295902753704006,0.5156291162161069
40.22896288862929,41.885251701936745,42.11403266735818,41.4094157526414,1.0286821207985464
41.68532649315079,42.404198161236046,42.05731836009986,42.04894767149557,0.3595089291167917
41.366928621045,41.79972201075756,41.29209407492181,41.486248235574784,0.27404271221630727
40.55999858993423,41.8186045595263,41.6475099100096,41.342037686490045,0.6826472047695535
41.32785190174395,41.9019629485853,41.19177429406406,41.4738630481311,0.37693689445932527
41.181163798893664,41.28323989961242,42.2253934742066,41.56326572423756,0.5756863299955818
41.37915561665298,41.77855023732442,42.365878337596136,41.84119473052451,0.496335251017484
40.702734656488936,41.70323578275394,41.98130540349732,41.4624252809134,0.6724418652373728
39.935100885284285,41.15758955450055,41.13005241344859,40.74091428441114,0.697990687039312
40.61347083519043,41.23336864476728,41.63833299996533,41.16172415997435,0.5161737239996903
40.79037578699041,41.240791389198776,41.68842277341233,41.239863316533835,0.44902421253705843
40.60139412447619,42.79494590896777,42.02080096139509,41.805713664946346,1.1124811309104405
41.49866566009965,41.52745102238586,42.00536493918038,41.6771605405553,0.2845975135663125
40.49038555137979,41.55834141173835,42.12617602480731,41.39163432930848,0.8305396178017432
41.967111263537255,41.335074127821926,41.317880491548934,41.540021960969376,0.3699700792740041
40.34036486033875,42.12301593032574,41.19988036593002,41.22108705219818,0.8915147233715756
40.33404162090058,41.69454748203145,40.85909901574291,40.96256270622498,0.6861287058409615
41.067008630584674,41.3010455906434,41.69793669709297,41.355330306107014,0.31894776849305395
40.1526364056191,41.906801607883665,41.626036240388295,41.22849141796368,0.9422342084569166
40.522164700170116,41.02941688041572,42.69425448231765,41.4152786876345,1.1362924386486257
40.36547999780793,41.744697351725016,41.294617877477975,41.134931742336974,0.7033383777768094
40.59095814232803,42.050438378523694,41.521903994789724,41.387766838547144,0.738928428520025
40.59068555169533,42.53582481503183,41.68262136325155,41.6030439099929,0.9750082649617207
41.15359153913988,41.607314208718805,41.80143631773485,41.520780688531175,0.33247819759382236
41.5198557537882,41.94556446935255,42.100895161035965,41.85543846139223,0.3008217431916365
39.79991034669106,41.67888227472358,41.31342835488461,40.930740325433085,0.9962286246126845
40.90049687845606,41.64347795225843,41.293970095711956,41.27931497547548,0.3717072751762998
40.77981728114012,41.902232568995096,40.97189502206716,41.217981624067455,0.6003107373399905
41.83946658090143,42.77187060745189,41.39409503624227,42.00181074153186,0.7030882597680017
40.758668033147586,40.35476412619146,41.166138609359024,40.75985692289936,0.40568854812280364
41.108078101793105,41.79008661820567,41.44153193435083,41.44656555144987,0.3410321203210074
40.39461073793315,42.14920687668912,41.430985970976145,41.3249345285328,0.8820924463272406
40.995004831175905,41.66936682048107,41.62896623500297,41.431112628886645,0.3782202536153111
40.46853720531569,41.59199143251106,41.54141734947606,41.20064866243427,0.634531184183981
40.58739392989118,41.99315450046921,41.24158922960598,41.27404588665545,0.703442088155158
40.574557772395906,41.87066507076664,41.353397837461195,41.266206893541245,0.6524379110296321
40.5356186011465,42.43413737411135,41.29715687187135,41.4223042823764,0.955426495651067
40.9067795777471,41.83588059167408,41.218229814581164,41.32029666133412,0.4728851915894642
40.42853645457361,40.84189164078856,41.51687325607117,40.92910045047778,0.549384456222638
41.392113544941175,42.000799752550506,41.0483261314703,41.480413142987324,0.48233713725437444
40.691223170385506,41.01197865318998,41.48518864983912,41.06279682447153,0.39941477256143365
41.08305717965546,42.65036421222471,40.577352348396246,41.43692458009214,1.0808612999419709
40.9041579009437,41.33718882905059,40.1980186942564,40.813121808083565,0.5750155012294749
40.992383818029445,42.29434650660609,42.91525532586967,42.067328550168405,0.9813315307910956
40.2862191400452,41.967972846102676,41.00002270109787,41.084738229081914,0.8440713373114426
40.72301100923775,42.587670208124386,41.20215350089874,41.504278239420294,0.9683480780267881
41.37844036029689,41.64941202860242,41.50341505537288,41.51042248142406,0.1356216769951152
40.14152718584007,41.54450074909996,41.84785395699245,41.17796063064416,0.9103029750121788
40.813887797641755,41.82141174086292,41.554826674292975,41.39670873759922,0.5220412679752439
40.72880142808184,41.60869983751852,40.71214157334638,41.016547612982244,0.5128865181084374
41.483768208273105,42.394079144165424,42.24844469127603,42.04209734790485,0.48897946745087756
40.60476218560278,42.584112243772324,41.57208952893832,41.586987986104475,0.9897591304016312
40.53957464990484,41.23063604780035,42.01880827344818,41.263006323717796,0.7401478935506849
40.1314215272393,42.819879373179035,41.096097970155405,41.349132956857915,1.3619733571991732
40.67837787521127,42.138962462546296,42.051516337531766,41.62295222509645,0.8191930377150217
41.574524415316624,42.37119961045419,41.54897721647689,41.83156708074924,0.4675100161268914
40.216735090420244,41.127882900491805,41.38509024412247,40.9099027450115,0.6139217803865988
40.28621495627572,42.18927467470294,41.45925750352406,41.31158237816758,0.9600859492575988
41.56955905074398,42.26989458310621,42.11649446627448,41.985316033374886,0.3681348943196833
40.699348128755105,42.30269636149334,41.18862858093807,41.396891023728834,0.8217124330713804
40.81729765282212,42.204482322221054,41.495998012792015,41.50592599594506,0.6936456230604883
41.890602011080105,41.75813862901956,42.14038456208386,41.92970840072784,0.19410041375409087
