J15,K15,L15,mean_Q150delta-intron-6mon-38,std_Q150delta-intron-6mon-38
3.2417055081880433,2.7598847724372066,3.058956140218939,3.020182140281396,0.24323933204405246
3.052605188836601,3.409640094699574,3.523984930885219,3.328743404807131,0.24588192517979235
3.1948217429029797,3.218097744937872,3.387752923430894,3.266890803757249,0.1053146810596082
3.123709355203443,3.0194469969186137,3.1390423046313725,3.09406621891781,0.06507531062825464
2.3165940276849564,2.6443848108406516,2.524981634121568,2.4953201575490587,0.1658962078373166
2.419403473391072,2.233459165522765,2.121481708978381,2.2581147826307393,0.15048345098024574
1.969014683513236,2.036206714677356,2.343611117999225,2.116277505396606,0.19972260970458103
2.013791445590779,1.7469283743257413,2.282778852418517,2.014499557445012,0.2679259408584071
1.6012441578541334,2.521050449235409,1.9866616449729175,2.0363187506874865,0.46190937912874747
1.6552543921310194,1.8778808095002517,1.4100621314419532,1.6477324443577415,0.23400002918542856
1.5139085726792363,1.6448338980383788,0.68717475217207,1.281972407629895,0.5192528752050329
1.229961156372965,1.1598862369314817,1.8038290707238165,1.3978921546760876,0.3532933744658087
1.3871050651070087,1.2482438953516983,1.088953745448853,1.2414342353025198,0.14919226171609565
0.8484172934397823,0.8675974968464244,1.2358041587709867,0.983939649685731,0.21833178479838344
0.8298279774583026,0.5054250208873836,0.9888478234067357,0.7747002739174741,0.24638120722202056
0.9455288511632548,0.7407660880862639,0.5636837281276627,0.7499928891257271,0.19108970377700366
0.8101319642335036,1.5962831096317454,0.6449510252009805,1.0171220330220765,0.5083225847330312
0.7326704414176743,0.796735604622675,0.7016137163683437,0.743673254136231,0.04850608025863457
0.680576059448949,0.9607947860916602,0.7324718651155552,0.7912809035520548,0.14907887490078836
0.9403045187736871,0.8589984319765546,0.8672197279761608,0.8888408929088008,0.04475797155087608
0.8573476573107718,0.8927340175762664,1.2974953336565747,1.015859002847871,0.2445451200632555
1.2124122569475162,0.9390130629559542,1.0075326788445191,1.0529859995826631,0.14225429024603226
0.5585079085820861,0.970241777061551,0.8376727797252475,0.7888074884562949,0.2101714945737552
0.6532116035915121,1.1198227367742297,0.4605117544249913,0.7445153649302444,0.3390059372452488
0.6220592783939198,1.4169372230057258,0.8458663438780896,0.9616209484259116,0.40988667099954507
0.8604241083640003,1.3421604779212044,0.6724511418415446,0.9583452427089165,0.34542591119024496
0.3457137116076065,0.885771308778454,0.5355995284872325,0.5890281829577644,0.2739644464239584
1.1951708481900858,1.0410060029206096,0.7531198319297814,0.9964322276801588,0.22437110180141656
0.6988461114677151,1.3987732720561175,0.8211510313932642,0.9729234716390321,0.3738323992726583
1.5108758970198177,1.7402254001696176,1.5399005627423743,1.5970006199772697,0.12488238887423748
1.3577181512513354,1.5211171738790952,1.486203158019919,1.4550128277167833,0.08604904227962576
1.5130854650948413,1.6676430941419267,1.1570733176524357,1.445933958963068,0.26182507089267903
1.513260761284273,2.4009839757200373,2.2010733805447926,2.038439372516368,0.4656720861159533
1.5984335308202036,2.6700518582997397,2.365562296073875,2.2113492283979395,0.5522026010705007
2.7792476015618144,3.411916595263864,2.01145768558695,2.734207294137543,0.7013150229340717
2.608564881475492,3.360519325317461,2.630128772174447,2.866404326322467,0.42805195306105837
3.1915296519501672,3.4916297119332245,2.8508106670938593,3.1779900103257503,0.3206240063979884
3.701232816599171,4.844893468604574,3.7615020627390106,4.102542782647585,0.6436004204575808
4.018329052322387,5.599625769484233,4.125140865833111,4.58103189587991,0.8837433453127423
4.481197396017482,6.229734623153328,4.692038881281949,5.134323633484253,0.9544933002347205
5.79951179745502,6.9407966967856405,5.27484654981429,6.00505168135165,0.8517819298110556
5.870815941400856,8.765590215581348,6.338095932449192,6.991500696477132,1.5540697744487229
7.146588366805899,8.935606502847117,6.895325550123054,7.65917347325869,1.1125395318954137
7.934184891520498,9.96688745197913,7.445363979824194,8.448812107774607,1.337217646435748
8.54645700264344,11.280157052108706,9.187922990164392,9.671512348305512,1.429570911354909
9.512976734920334,11.73954946343093,9.260554750085372,10.171026982812212,1.3642310265353614
10.990781011991837,13.576583595247763,10.362942019441933,11.643435542227179,1.7033324679329285
11.936460227948215,14.580570845198473,11.875447808252192,12.797492960466293,1.5444920479254753
12.404677590331536,15.462075432015512,13.037578709011708,13.634777243786251,1.6138168911112887
14.053081694419953,16.1384316016748,13.600045754698604,14.597186350264453,1.3538419717293484
15.717812931244064,17.08435339640534,13.990313698511441,15.597493342053616,1.5505250774150872
16.25598727747008,18.55119320771412,16.443418690440062,17.083533058541423,1.2744812155321104
17.386289851139487,20.06607748654604,17.46494811875744,18.305771818814325,1.524976660035316
18.229769707490572,20.895772760631406,18.558774701196924,19.2281057231063,1.4535804355132018
18.364900939492845,22.0926266346773,19.37316463939193,19.943564071187357,1.9282119563157507
20.453239619907766,22.808226529252813,20.31299530812651,21.19148715242903,1.4018922127525235
21.742622436033944,23.07978548940669,21.71729279025472,22.179900238565114,0.7794263892443423
22.547114281330117,24.485216378292378,21.528982431806874,22.853771030476455,1.5017851237564133
22.813490761644793,25.15015462874875,23.000988655263686,23.65487801521908,1.2983366197771897
24.56012062141058,27.187497802274592,24.072141087569285,25.273253170418155,1.6756432762689646
24.88784780246943,26.430514192228156,24.36262777738311,25.226996590693563,1.0748511439220771
25.657194446876368,27.211908649361433,24.803317960144064,25.890807018793954,1.2211709144770087
26.10582805350159,27.570602163024798,25.931562821124267,26.535997679216887,0.9002204847927311
27.24874225105196,28.622235284248838,26.91964326579065,27.596873600363818,0.9031065676926786
28.294767017731854,30.18787834448239,27.00828123415937,28.496975532124537,1.5994141610174946
27.99505624822047,29.724271102856914,27.51143162205484,28.410252991044075,1.163381233039108
29.176572302584354,31.441417336920175,30.010404933487894,30.20946485766414,1.1454690731087835
28.785270591889585,30.49758148487752,28.679098013857367,29.320650030208157,1.0206340631314
30.464502466013975,31.329982937266088,29.875281854248474,30.556589085842845,0.7317094842878457
31.241419220237614,31.884067814685878,30.70867007498201,31.278052369968503,0.5885545449400971
31.517467052069936,31.585114968331702,31.392659797135913,31.498413939179187,0.09763203400073625
32.21018101772076,32.89303357604734,31.57109719482553,32.22477059619787,0.6610889432213767
31.835285286113717,33.541597910638956,31.45184876414439,32.27624398696569,1.1124730584205105
31.792260469338647,34.34428662096376,32.57096784661147,32.90250497897129,1.3079170548030365
33.71090366326296,34.30934935846789,33.21456174338506,33.74493825503864,0.5481867798594654
33.100115807545386,34.55901474671512,33.006768255052876,33.555299603104466,0.8704949790344064
34.295723911038564,35.01386131353279,33.39485433332777,34.234813185966374,0.8112203694494862
33.83549065177944,35.25276293775905,33.20948300563346,34.09924553172398,1.0468635048456474
34.066938195481896,35.24859212702273,34.722726637314,34.67941898660621,0.5920161889161898
34.010834681980064,35.484686577378866,34.62248114620014,34.706000801853016,0.7404670837065904
34.27593105121269,36.4196982293932,34.855623037726005,35.183750772777294,1.1089117577352245
35.419402427751415,36.49139256885982,35.78715758445581,35.89931752702235,0.5447252566164001
35.26720603520436,36.65313692770537,34.72867460729242,35.549672523400716,0.9928390067819581
35.71896281993772,36.64125888992655,36.00495328564926,36.12172499850451,0.4721061690674776
36.00725475187916,36.57470472815448,35.59246063569631,36.05814003857665,0.4930951719434662
36.21648513229847,37.066241429385144,36.08474712136409,36.4558245610159,0.5327244041467609
35.46501577089052,37.593796670500346,36.10011766105877,36.38631003414988,1.092866224863569
37.423354653168495,36.61483792274925,34.99447599690246,36.34422285760673,1.2368456924078053
36.666745800239845,36.86352637675318,36.60742905139897,36.71256707613066,0.1340565254159308
36.76029780685692,36.490898815730276,36.7553324362702,36.66884301961914,0.15412419829311347
37.19934914218893,37.713407410218586,37.212484285473195,37.37508027929357,0.2930734867524515
36.99249027242642,38.27481464836773,38.0028213341881,37.756708751660746,0.6756607904429754
38.308994877743416,37.83988855966176,37.04375123148391,37.73087822296303,0.6396270876302774
38.26873123868515,36.79645403064239,38.09033070688795,37.71850532540517,0.803486546288525
38.429057654336226,38.19246043095632,38.22202319191498,38.28118042573584,0.12891565173698985
37.61475182329539,36.56826378948412,39.012253546293174,37.73175638635757,1.2261888246432195
37.28403514332394,38.0549170421011,38.36108722828497,37.900013137903336,0.5549835250541308
38.39177111127698,37.775151861787634,38.33279632441377,38.16657309915946,0.3402608487185379
38.55208566962412,37.582185979617186,36.88367746804717,37.67264970576282,0.8378748391516626
37.90314324113797,38.71007872319288,38.73370925768959,38.44897707400681,0.472853603526895
36.89931164696808,38.23529505298523,36.371653336450215,37.16875334546784,0.9605931675637822
37.543371708799945,39.134927547101256,38.98126021395544,38.55318648995222,0.877893975087105
38.978674532044195,37.67805396665306,39.10877261366839,38.588500370788545,0.7911484492893897
39.229898313311566,39.339745413506066,38.92814251240224,39.16592874640662,0.21312746459988677
38.621676618601875,37.69867634684933,39.05474224962912,38.45836507169344,0.6926266520902226
38.21131089307087,38.29761007206033,38.993102025540814,38.50067433022401,0.42863231727184453
39.02186613034664,39.051159862086635,39.793866299005785,39.288964097146355,0.43750337800032013
39.59725132020219,39.58712063920969,38.92354217481785,39.36930471140991,0.38607491105494596
40.333267253263955,39.25174870319359,39.19246003426402,39.59249199690719,0.6422147397005796
39.35843982544464,38.31309878010767,39.65796306683495,39.109833890795755,0.7060585460750427
40.20812323630582,40.40033078143248,38.405199617539175,39.67121787842583,1.1006078378672166
39.56670688517099,39.07259736988761,39.142235115305645,39.26051312345475,0.26744778683358494
39.3958421958424,39.48071801059573,38.97252281386923,39.28302767343579,0.27223322141749084
39.89168303922338,39.11605821458407,38.74685618399972,39.25153247926906,0.5843133486446106
39.25351840990686,38.6680090014602,40.35201227371726,39.42451322836144,0.8549246611233389
38.660175757684186,39.43523717026755,39.19798829918503,39.09780040904559,0.39712499079870756
38.684297384968524,40.70807976134424,39.90580836183717,39.76606183604997,1.0191028384488117
39.103823584013135,39.34649957137417,39.070741053988755,39.17368806979202,0.15057049763320543
40.598309750770476,40.286747135387046,39.38626194655597,40.0904396109045,0.6294183450231267
38.16510179453309,39.764915957667654,39.6153535353806,39.181790429193775,0.8836481564662795
39.71663100541624,39.5374867408471,38.13345157624033,39.12918977416789,0.8669740976471098
38.88645706801556,39.35052786823149,40.55623734475021,39.597740760332414,0.8619032449519435
38.6705599580729,39.24567330924103,40.141757623945736,39.35266363041989,0.7414113835360818
39.521170217884745,39.61281996210167,39.51752614632758,39.550505442104665,0.053996706994233
39.235929801447675,39.8269066072728,40.38976085904815,39.817532422589544,0.5769726456901713
39.45882696541001,39.16247098218557,39.74815260648756,39.45648351802771,0.292847844572023
39.702123080837325,39.751612274445804,39.503767171397264,39.6525008422268,0.13116239438126093
39.7986181825867,39.13257398260795,39.784304290177396,39.57183215179069,0.3804760521692528
39.35842986206307,39.90781419923552,38.03501879086959,39.10042095072273,0.9626874410458431
40.061020123224125,39.61059016446848,39.83433019647642,39.83531349472301,0.22521658929291505
38.994259167173645,37.721752100322234,40.449211182364216,39.05507414995336,1.364746169678155
39.73334937405021,39.71322217651706,39.40541751545111,39.61732968867279,0.1837970426578912
40.39214950601105,39.65498849948709,39.11615266295731,39.72109688948515,0.6405620385972615
40.85330260308705,39.09384197436951,39.494777907757985,39.81397416173818,0.9221388791380745
39.507714079255244,36.98502896861239,39.72480644170002,38.73918316318922,1.523015094219874
39.5194820546754,41.936353353064156,40.59899435282944,40.684943253522995,1.2107258683912148
38.802254915014544,40.37017396080304,38.992895352755376,39.38844140952432,0.8555320250029622
39.490901713142854,36.780172341907516,39.100533418683995,38.45720249124479,1.465407602910987
39.40358325270159,40.012721915283635,40.6792191876453,40.03184145187684,0.6380328574137741
40.16040496201009,39.74188467574064,39.4168656047535,39.773051747501405,0.3727482175933145
39.55327216334889,40.31040386598179,37.93713884959971,39.266938292976796,1.2122652446917108
39.56306931512061,41.512388856011874,39.53826828370982,40.20457548494743,1.132667485602444
39.63630634473991,37.810670407623405,40.03268189854385,39.159886216969056,1.185143818299923
40.85375396455749,37.02139326683833,39.47887591964036,39.11800771701206,1.9414985253939174
40.411511175433176,40.734372663493716,40.52396150510446,40.55661511467712,0.1638889220837061
38.603383846432784,39.66851833565854,39.39530626486476,39.222402815652025,0.5532174726965853
38.88209729456343,36.24941268894528,38.87635950142593,38.002623161644884,1.5183275179470315
38.924126725455054,35.38636167570164,41.02722219664064,38.44590353259912,2.850675344687825
40.200153508847656,43.295128452175504,41.006346915182064,41.500542958735075,1.605580820779319
40.30003741436794,40.652508178066114,40.036188808758034,40.3295781337307,0.3092197953259609
41.030939526589236,37.250156110176746,39.872105629783526,39.38440042218317,1.93700105513531
39.71522389818966,35.83578588592108,40.62938181144114,38.72679719851729,2.545069936123476
40.337348520120955,38.26463637316927,39.6772707937646,39.42641856235161,1.0588810332298555
38.9240965245547,40.282543933338935,38.9378073176619,39.38148259185184,0.7803721242482934
39.74473585441719,41.17774314449911,40.056631893381784,40.326370297432696,0.753622304819815
39.62826797635163,41.82213633879013,38.2555059963942,39.901970103845315,1.7989990663618367
40.1310592860558,37.08304352304416,39.748985539443716,38.98769611618122,1.6605033009212475
39.485347316189085,40.64304000461598,40.7232442892959,40.28387720336699,0.6927089340823616
38.87161902773485,38.40599329540667,38.6680013904662,38.64853790453591,0.2334222592533941
38.71541815325285,37.27596033592631,39.42648322690473,38.47262057202796,1.0956277539575379
39.07391414661987,39.293472025091894,39.02614382969951,39.13117666713709,0.14256696042536096
40.20582601955598,37.86026665223792,39.559890394677446,39.208661022157116,1.2115831545932554
41.117716176714545,43.64000181445409,40.49384434286207,41.750520778010234,1.665805497823596
39.597280119903196,40.079667717957264,39.72139647639064,39.79944810475037,0.2504865090305206
39.29407723479487,39.798820212073295,39.903178079274184,39.665358508714114,0.3257452676310182
38.44728295966616,38.64978836296249,37.36842897953629,38.155166767388316,0.6888173703651599
39.800025524568085,42.7822651680197,40.97032232563688,41.18420433940822,1.5025802672751845
40.4060479331454,40.52439212104194,39.25639328771091,40.06227778063275,0.7004203728127454
40.799435145794554,36.268729964279906,40.81163021858263,39.29326510955236,2.6193313676759735
38.968850807820246,42.69542486986598,37.25158127718246,39.638618984956224,2.7830379666343754
40.53750144042109,40.54527843837275,39.912310030275414,40.33169663635642,0.36322026986993955
41.23697848132807,40.23547326085053,40.55665952885532,40.67637042367797,0.5113718807437228
40.65970982888103,40.062472816718014,41.7516332957799,40.82460531379298,0.8565679609432069
39.74856192937739,40.68753481357398,40.221248125895386,40.219114956282255,0.46949007670404147
40.10293350741554,39.22848870601549,41.53741260483228,40.28961160608777,1.165726780607161
40.23667862390688,40.59454989063579,40.38662861467097,40.40595237640455,0.179716489819911
38.702581801111684,38.31547275527456,38.891327528942206,38.636460695109484,0.2935663137745351
40.079022302075586,40.19149714411534,40.83749669019331,40.36933871212808,0.409318417424091
41.35046094878008,42.62905235296108,39.34728150948999,41.10893160374372,1.6541636211842874
40.32201083351817,39.09124982582199,40.740025011049994,40.051095223463385,0.8571238846773711
41.33642161909954,38.816151533411634,40.22076712056485,40.124446757692006,1.2628929231852146
40.29568022954571,39.7054770091941,40.35079452141533,40.117317253385046,0.35772711155784276
41.30373304432068,40.8432951806504,39.352828170686735,40.49995213188594,1.0197650677206622
39.10065009524449,38.903397749491006,38.90228141853384,38.96877642108978,0.11420731587774362
38.7680954372006,40.08580161898372,39.24645221832493,39.36678309150309,0.6670435028221372
40.298129935784864,39.50439463520514,39.956794635575044,39.919773068855015,0.3981606197860372
40.52568800103612,39.79952507439028,41.004347063682175,40.44318671303619,0.6066332115550174
39.45726030058423,40.38418356517717,39.33532272401438,39.725588863258594,0.5736091257915474
40.10466318923498,39.60679389467444,40.95178877710277,40.221081953670726,0.6800130917667397
41.14000850478311,39.631954262136,40.528504366799275,40.43348904457279,0.7585036804688824
40.070105570657894,40.71626317928898,41.57896594486331,40.788444898270065,0.7570155597001472
40.294572214912385,41.32459360628564,39.46636656270635,40.36184412796812,0.9309382735106512
39.43669403361413,39.41092027515731,40.2258437849338,39.69115269790175,0.4632353511659998
40.04821014084636,40.693484714445184,41.168818377724605,40.63683774433871,0.5624476549480191
39.32670760065957,40.32119926054069,40.253305485692046,39.967070782297434,0.5556088052432465
41.41254891052153,39.43683050068005,40.55354164848869,40.46764035323009,0.990656390047509
41.163407718196765,40.51561173284568,41.09156574265425,40.9235283978989,0.355087766029144
38.4543238716782,41.178539425058695,40.4950318696734,40.04263172213677,1.4173344754991415
41.53749150546401,40.49411253875516,40.24794152650662,40.759848523575265,0.6846141229031749
40.65603778672436,40.358351230327656,40.84739079860015,40.620593271884054,0.24643895807732125
39.748802821627685,40.424259276495086,40.42278151434851,40.19861453749042,0.3895490735976382
41.03027340091609,40.82512734023541,40.631004677553875,40.82880180623513,0.19965972212519467
40.72734694769285,40.13960833726132,40.29566525933133,40.3875401814285,0.30445019220024677
39.72724521706492,39.137104509861175,37.7679755654499,38.87744176412533,1.0051134006057303
41.47229922156429,41.127822675284115,40.26623598978105,40.955452628876486,0.6212332126011813
40.69496266237325,39.708398126072666,41.41370035869072,40.60568704904555,0.8561492437036355
41.73133460464835,39.910275106047735,40.913997800778475,40.85186917049152,0.9121180841244646
43.17311014170095,40.79235046081949,41.8938256236215,41.95309540871398,1.1914859819135013
39.92972695336659,41.38127846841566,40.13484322166857,40.481949547816946,0.7855651159830583
40.77585413605897,39.877801519727605,39.60527111255004,40.08630892277887,0.6125133929778285
40.09777980263249,40.661522544008385,40.889053892769844,40.54945207980358,0.40736778608646396
40.669255021618014,40.21295100045371,41.32403900512006,40.73541500906393,0.5584908204102366
40.168173220778705,39.050274087078996,36.71415146539964,38.64419959108578,1.7624525366318609
40.66880373015322,40.68794757676514,42.109384834196774,41.15537871370505,0.8262489819464436
40.3219849080343,39.039457064378915,40.8241620666771,40.06186801303011,0.9203469919584715
41.267726632250564,39.97824737487456,41.81166169280293,41.01921189997602,0.9416324624896385
39.30984999283928,39.85034711495859,40.05377019579098,39.737989101196284,0.3844769948025263
40.851611275997826,39.5875269906092,40.903738497418,40.44762558800834,0.745323090839956
40.42849216219474,41.30668044855726,40.73495820923898,40.823376939997,0.44572084373262866
38.36243887085462,40.11584651300883,41.41183273057145,39.96337270481163,1.53040417032864
40.13892237935045,40.22187647026414,40.45353106076512,40.271443303459904,0.16305615235299328
38.593182013060265,40.252956210600864,40.595352121180056,39.81383011494706,1.0708851858977315
40.26699448770507,40.50131193206922,40.103658130524025,40.290654850099436,0.19987995405320483
39.715797836347264,40.753519696622774,40.84953868090068,40.439618737956906,0.6286830954787049
40.126832400856095,39.39151537095479,41.038869640861094,40.18573913755733,0.8252554303766939
39.038027443571345,41.13201262436342,41.37778057768106,40.51594021520527,1.285795509456499
40.830116379230276,39.177137760474366,40.122148398353765,40.0431341793528,0.8293171972287189
42.69493538860545,40.95522008563957,39.179297974146145,40.94315114946372,1.757849780812297
40.24175646489276,40.55881335775046,41.715810893948756,40.838793572197325,0.7758871086157991
39.687202698190575,40.53087137831376,40.8629090334025,40.36032770330228,0.6061230943291815
38.56486168914163,41.29059229618237,39.717967254882,39.85780708006867,1.3682354395610596
39.9617815415343,40.664919679694606,40.730565030106575,40.452422083778494,0.4261730097952412
40.7010737452392,39.51822736897446,40.53398479235662,40.251095302190095,0.6401571956915474
40.49718010073752,41.0614179145862,41.25260555295141,40.93706785609171,0.3927646957770332
39.37246021531136,39.08539546235439,41.24920453408103,39.90235340391559,1.175205308964565
39.86073999116473,40.836311358727286,41.55920444312813,40.752085264340046,0.8523590205292789
39.69366312506041,39.84981729014524,41.2983804008554,40.28062027202035,0.8848574973989249
41.14506185333646,40.79980717571675,41.75761105534067,41.23416002813129,0.48507827360075084
40.45395602227422,39.57138728543592,41.882713537705406,40.63601894847184,1.16636934241657
40.396691459620236,40.17247535002599,40.29790405083854,40.289023620161586,0.11237153770929147
40.953791996348976,41.31189796973233,40.55187819550808,40.939189387196464,0.3802202538641448
38.97693003959596,40.5917994488847,41.318516254516105,40.295748580998925,1.198537061487024
40.06220900765983,40.13057538124242,40.7108283559385,40.30120424828025,0.35638802230198785
40.94279644646881,40.41567088151623,41.54532297260737,40.96793010019747,0.5652452893558366
38.94267723826217,40.55693091471981,41.299430887618364,40.26634634686678,1.204948747559074
41.060782812741955,41.60114410789106,41.685024725742416,41.44898388212514,0.3387979371476006
39.974528630110726,40.92886488218077,40.537296368769624,40.48022996035371,0.4797205975678898
41.32359739975841,41.26706133461766,41.21268349734788,41.267780743907984,0.05546045076699627
40.90667185026454,39.71821035284053,42.25250883774657,40.95913034695055,1.267963376070136
39.23891484167852,40.4242535214593,40.500126159114636,40.05443150741749,0.7072762814909688
39.54314132820844,39.719945250885914,40.54734260539801,39.93680972816412,0.5360762095133035
40.74555552638219,40.34207444517932,41.17557819310916,40.75440272155689,0.4168222991876954
39.41640058300784,40.690741613853845,41.087571517927955,40.39823790492988,0.8731391001616795
39.20097510170682,40.65441223628018,41.44133357687198,40.43224030495299,1.1365833887635945
38.94383123538609,39.62200955777816,40.58673372945591,39.71752484087339,0.8256055524484897
40.146857833199746,41.04517217240563,40.404028435929746,40.53201948051171,0.462632082356608
40.72604900557752,39.75085561317353,41.649048577515295,40.70865106542212,0.9492160706132111
41.41616124076237,42.21247543329481,41.72906940148729,41.78590202518149,0.40118765390291367
40.823915724137684,39.45055802958964,41.87638780286355,40.71695385219696,1.2164469383258512
40.903477112712594,42.46468094468764,40.23082097746823,41.199659678289485,1.1460042200621106
41.71878666363404,39.84223717480192,40.79568528997994,40.78556970947197,0.9383156397160719
39.77659793370499,40.66799352425258,41.48425375204661,40.64294840333473,0.8541033555959959
41.399895365078976,41.718953350504265,41.1873732692368,41.43540732827335,0.26756339500671544
41.42015020312877,39.67964630518567,40.79704179603124,40.63227943478189,0.881872117402589
40.74544053152901,40.184824527924114,40.844031496710876,40.591432185387994,0.3555662876807574
40.0109277203005,41.200121641825746,40.4645448700802,40.55853141073548,0.600142189915363
40.284212033104765,39.47776571245669,41.272492111957355,40.3448232858396,0.898897104920648
40.75358815839887,40.922612523313354,41.86011200322247,41.178770894978236,0.5960801861505721
40.74997103162393,40.86144070557409,41.3381133168228,40.98317501800694,0.3123976136710414
40.51708615639718,38.7531532343158,41.769838903681276,40.346692764798085,1.5155439742429888
39.97249072795633,40.775318476518656,40.816995759470664,40.52160165464855,0.4760003743046415
38.880075219896796,38.37932000951621,38.543825748867576,38.60107365942686,0.2552389814044443
41.147299540070165,40.845187020683035,41.20286066176506,41.065115740839424,0.19247919633876698
41.719195715264654,41.37979850799044,40.82723004366306,41.30874142230605,0.4502083094506259
39.62263545777074,41.84829670501464,40.04194328697982,40.5042918165884,1.1826735048161972
39.05020569678106,39.87633735168547,40.55335477679144,39.826632608419324,0.7528062236136027
41.15712882534421,40.00156506455892,40.21087659654739,40.45652349548351,0.6157017951311807
41.17082455048036,41.53637808086239,41.04847629432775,41.251892975223505,0.2538525269594032
40.16776846366716,39.675439951451494,41.14355455661703,40.32892099057856,0.7472066154501976
40.54785552421831,40.7104441799817,40.25756632549821,40.505288676566074,0.2294200081938775
40.203984040985006,40.93125745658034,41.67546740152386,40.93690296636307,0.735757924810335
40.72355535859322,40.494989229235465,41.230427318423644,40.81632396875077,0.37639315486617675
39.6961722332193,40.532113674153265,41.30420711968051,40.51083100901769,0.8042286757480955
41.473320548261746,41.198265978804976,40.623972412648286,41.09851964657167,0.4333705827153169
41.32520032370432,42.363342558792674,41.781352796320306,41.82329855960577,0.5203406676032148
40.172891070080176,38.82414029243246,41.21025866277478,40.06909667509581,1.196440628131583
40.12510719131026,41.25055570136466,41.17438482691054,40.85001590652849,0.6289435464159555
41.189328031780995,40.15388677916012,40.591870374252125,40.64502839506441,0.5197633868307605
42.204578582640615,42.47620192527239,39.96497170702014,41.54858407164438,1.378156704119202
41.176829635791016,39.57658539308262,42.210296762206504,40.98790393036004,1.3269810042319925
40.9902307390143,40.57782510236918,41.068914965005284,40.87899026879626,0.26376721736549286
40.97120542421578,38.313569597107715,41.17271836935517,40.15249779689289,1.5957426358089635
40.319336860706194,39.80097101012348,40.07644180305831,40.06558322462933,0.25935346596239683
40.366266259910745,40.43196860887446,41.15756778962758,40.65193421947093,0.4391220560582864
41.278762459568654,40.50531179979795,41.81326031643676,41.19911152526779,0.6576021092162541
40.09750734060387,41.762158538854585,41.16176951031848,41.00714512992564,0.8430287226532008
41.5999705782538,40.43390017159897,41.67791808454598,41.23726294479959,0.6968233366196394
40.35800434262991,40.29285443914315,41.625401065750964,40.758753282508,0.7512455741174324
39.89766279460632,41.02902057163501,42.92816231795111,41.28494856139748,1.5313739557032275
41.09641792837206,41.78385834222525,40.75152031522263,41.21059886193998,0.5255553393237941
39.63774718922453,41.291222380035684,41.064647816671176,40.66453912864379,0.8964152348846164
40.22747598323228,41.70649364576903,41.17814774673598,41.03737245857909,0.7494908757554402
40.35795283988195,40.04440773393487,40.8671337361064,40.42316476997441,0.41522158606228154
41.1553945167663,40.83995904404954,41.2164719372058,41.07060849934055,0.20206927337280697
41.11569887681386,41.96856215926576,40.88062691273472,41.32162931627145,0.572456360417573
42.53624288319393,40.51642298282413,41.68031913159211,41.57766166587006,1.0138155768845827
40.13752259450135,40.50009106050572,41.23137317546999,40.62299561015902,0.5571861624407676
40.80465979064534,39.83470000256977,39.801878811894845,40.14707953503665,0.5697176072969138
41.35134123094681,41.70935118674429,40.94905757442353,41.336583330704876,0.3803615923678451
40.38850643421231,40.715350930049496,40.74804602602879,40.61730113009687,0.19881524582876736
41.17019041503992,41.70056407194042,40.970051631344134,41.28026870610815,0.37749176029400083
40.27718551709976,41.1502229253168,41.46305462129977,40.963487687905435,0.6145924826601277
40.73694465338525,39.496031145912156,40.89847988464304,40.377151894646815,0.7673354795149392
39.687112748682125,39.51861464354652,39.806680329350584,39.670802573859746,0.1447237927449868
40.97601629292163,41.03143255371435,40.806456211412744,40.93796835268291,0.11721485812882076
42.15311744873008,41.10030928945403,40.85697049626127,41.3701324114818,0.688914086431793
41.41162645359859,40.9512016083649,40.9453341433771,41.10272073511353,0.26753628533513935
40.32331062174956,41.12109087637767,41.200810783728805,40.881737427285344,0.4852516756928234
39.892732990252554,39.67126207336085,41.72089342922632,40.42829616427991,1.1248858203246337
41.48774177292683,40.5329566502724,41.98468852382079,41.33512898234001,0.7378003497268772
41.959057287991264,41.81975475045896,41.04993642293466,41.60958282046163,0.4896471861855451
40.690607327460484,38.932005156274336,40.48203957613231,40.03488401995571,0.960797308327756
41.66733843823008,39.084557261303694,40.07983868292727,40.27724479415368,1.3026574881884598
41.58901158146088,41.078993319919825,41.54559211401747,41.404532338466055,0.28275970714601606
40.561545961370285,41.360049295672475,41.02088453120956,40.98082659608411,0.40075600101285436
40.78527206433763,41.98664535172877,41.13856449969963,41.303493971922016,0.6174348079108514
40.31867219260262,42.5653395880494,40.00938646399026,40.96446608154742,1.3949951266387126
41.45784966060011,39.7511091727427,41.46507183703576,40.89134355679286,0.9874785455318991
39.04434898636487,41.23145430470757,40.42157798750545,40.23246042619263,1.1057492968021345
39.22254645918202,39.401458853396534,41.17990156952661,39.93463562736839,1.0821357868702524
40.899511605952526,41.33169346946968,40.39135387274107,40.87418631605442,0.47068106720500924
39.72198888313405,40.90413787973263,40.79788529180938,40.47467068489202,0.6540029236427869
40.34543288846222,40.32707674628674,41.055008453282156,40.57583936267704,0.41507408981095434
41.44166115862968,39.10980648847931,41.56479710363911,40.7054215835827,1.3832141063586985
40.817470502056715,40.26561222313047,40.862201349344765,40.64842802484398,0.3322817565048486
41.51891703999517,40.908694309669116,42.456114907634316,41.627908752432866,0.7794466125314934
41.13512795177974,39.38509197576784,38.84491067932801,39.78837686895853,1.197185373100559
41.44810059556097,39.83322584286281,41.81393403406541,41.03175349082973,1.0539496754531672
41.58935086155962,41.179537068297336,40.901226113114255,41.22337134765707,0.34615025695641305
40.445865095001984,41.592863549599606,40.31876958419128,40.78583274293096,0.7017922480344497
40.92888346157816,40.96467237029551,41.470109125827136,41.12122165256694,0.3026748473943784
40.988897266109056,41.12717037047159,39.27845033174203,40.464839322774225,1.0297664741966048
42.88930321082052,40.78674459628014,40.73711261935212,41.47105347548426,1.2284909715254244
38.452383946967366,40.9946666918439,41.38037257459673,40.275807737802666,1.5908639155300697
41.47891043860895,41.178540159759315,40.29973672845896,40.9857291089424,0.6127762525302873
39.33384806041597,39.94958514758919,40.88516602587501,40.056199744626724,0.781134983031167
41.14123218221239,40.27042266656382,41.84089685771485,41.08418390216369,0.7867897914692724
41.134121743591415,40.83105677998644,40.65822203131385,40.874466851630565,0.24090134864001678
41.569500597875866,41.3405921546625,41.26432517044441,41.39147264099426,0.1588226315548582
41.72229743418768,41.10461230157934,40.90824845618046,41.24505273064916,0.4248076861788605
