D11,E11,F11,mean_HdhQ150-2w-66,std_HdhQ150-2w-66
2.6192952158599585,3.0293365799240433,3.1996136110351125,2.949415135606371,0.29830008027326044
2.882574396494977,3.0805914707518767,2.8403118267759453,2.9344925646742666,0.12827781946860425
2.7417394563003383,2.6056811340270123,2.617106185918217,2.654842258748523,0.07547168448794989
2.289967711706735,2.766991615824798,2.650939887163962,2.5692997382318317,0.24877055033354525
2.190389317183423,2.266884673176205,2.5774951633393695,2.3449230512329993,0.20501274440709583
1.892439984539333,2.2166444393508398,1.8767628810981947,1.9952824349961225,0.19186530593629858
1.6277885328012165,1.3820435855000086,1.7967627367531294,1.6021982850181182,0.208540497722211
1.5538039883137378,1.3548989047298299,1.4515063604400624,1.4534030844945434,0.09946610598834399
1.8356299955157913,1.8355762533587752,1.162757806806481,1.6113213518936824,0.3884674261864864
1.4869041060911563,1.4048714612471784,1.340887615678118,1.4108877276721508,0.07319392368501237
1.010046096026894,1.5341739320775067,1.4265258578365012,1.3235819619803006,0.276813260884145
1.0333039845059364,0.9632597208459505,1.9230686678803275,1.306544124410738,0.5350732980099143
0.8867269377432971,1.2829502076502417,1.1421279687891146,1.1039350380608846,0.20085378978786134
1.1040197935382974,0.9377562968571996,1.144067419571399,1.0619478366556319,0.10940112890574297
0.8518895328361704,0.8301914458776039,1.4296703661860266,1.0372504482999336,0.34001874317412467
0.786898479427796,1.1738892950553903,1.0031595564782454,0.9879824436538106,0.19394130918989871
1.0574519092845875,1.159959140780714,1.467008715851575,1.2281399219722922,0.21312122992385718
0.6512951385020058,0.94753178968264,1.0187395211070478,0.8725221497638979,0.19486836104805375
1.3828155034604872,0.8863583745294806,1.168920327278935,1.146031401756301,0.2490187691727072
0.9737013098925992,1.0609816897376387,1.176950851881446,1.0705446171705613,0.10196166566648716
1.3602740726171931,1.2274752952936168,1.4446561591523082,1.344135175687706,0.10948620873049408
0.97455400951391,1.353630854831085,1.2626640313145945,1.1969496318865298,0.1978979544690868
1.2117922516658088,1.2537850533327037,1.1682956721313444,1.2112909923766189,0.04274689486037647
1.6466568600132057,1.6760661650960886,1.2292219096099204,1.5173149782397382,0.24992886778196155
1.7106407010234161,2.274508592983119,2.2054149537892593,2.0635214159319317,0.3075501291822546
2.008853536057056,1.9114637092707207,2.0447793712933824,1.9883655388737196,0.0689788732625681
2.4837185703402502,2.941534650806841,2.2359064757041804,2.553719898950424,0.3579845246376859
3.0537476608087344,3.6132915452951115,3.2756672151559045,3.31423547375325,0.28175871343216674
3.4992746058459674,4.072639646275351,3.024035202857014,3.5319831516594444,0.525066858996161
4.604855723839211,4.7997175934237415,3.8861261680155765,4.43023316175951,0.48117782839121975
5.3087809170027676,5.92129237562454,4.260590137129663,5.163554476585657,0.839822017145682
6.370864110856808,6.146873085730201,5.607510394581928,6.041749197056312,0.3923843753452829
7.732654117376761,8.253951363786195,6.6672369032379555,7.551280794800303,0.8087570132215487
8.596757362903409,9.17270578851794,8.044556398533283,8.60467318331821,0.5641163503128745
10.335337889914296,10.93424758571621,8.75844671522984,10.009344063620116,1.1239356467737605
11.532099157848585,11.665089843339763,9.604035133282443,10.933741378156931,1.153477634742222
13.02140831076613,13.312469389734751,11.495839017448317,12.609905572649732,0.9757240157884589
14.926851674159336,15.178191076659184,12.833037841817202,14.312693530878574,1.2875669273637809
16.95251983884854,16.376023134195595,14.676626209388271,16.001723060810804,1.1832152643776856
18.07251921952078,17.94627767547424,15.899470551776895,17.30608914892397,1.219801680700933
19.26888826550455,20.104552458396828,17.5803603732638,18.98460036572173,1.2858853479740142
20.73553206810779,21.54793677415101,19.1445286017441,20.475999148000966,1.2225427245141434
22.177059724670105,22.217430015266363,20.389500274108695,21.594663338015053,1.0438970006872466
23.218209087954115,23.82308449607107,20.77912845249505,22.60680734550674,1.6114515713500361
24.78858353904794,25.763155567143382,22.601486079943022,24.384408395378113,1.6191221839761938
25.531706999394494,26.06629811182577,24.479070982697323,25.359025364639194,0.8075807700141545
26.896002698289127,27.655316253599732,26.133840988484042,26.895053313457634,0.760738076862453
28.521894175065103,28.701919735338826,26.74672952403278,27.990181144812237,1.0806161439208004
28.974984127241406,29.207741510031955,27.408799603331087,28.530508413534818,0.9783746679965584
29.753198551536965,29.953231608442277,28.45460829850103,29.387012819493425,0.8136565301397228
30.755274798438602,30.64889729923005,28.66301275256418,30.022394950077608,1.178460441538791
31.536003177371878,31.55238570774624,29.771622048797404,30.953336977971844,1.0234279296563458
31.153358322897752,32.35797532000806,31.024827521311977,31.51205372140593,0.7354029881468102
33.52153386988836,33.65077174579365,31.37508464524409,32.849130086975364,1.2781952434423665
33.35572549187857,33.58556870139138,32.473345356861664,33.13821318337721,0.5871489549436436
35.13363833156788,33.950757565182464,33.57970676462047,34.22136755379027,0.8115406047386957
33.96075244546107,34.146072418977404,32.732663771524486,33.613162878654315,0.7681437895266418
33.781914793246685,34.769470897801575,33.51516811739844,34.02218460281557,0.6607692882349027
34.4571958320907,35.612583304394356,34.26150696865698,34.77709536838068,0.7301394395841738
36.36987895152812,35.963642588187724,35.26871263687729,35.86741139219771,0.5568546897007111
36.45213170678,37.10496441727597,36.66694469909723,36.74134694105107,0.33271520431022894
35.76721838626217,36.80256018706023,35.09198203997529,35.88725353776589,0.8615832678961023
35.80443719329432,36.747868555250385,35.73130795659492,36.09453790171321,0.566981197619062
37.47007369150085,36.867330755445714,36.23041525892018,36.85593990195559,0.6199077116995039
36.6252854860029,36.57657369128696,37.08265588238039,36.76150501989008,0.27918921378665673
36.73272770768112,37.645664128175525,37.785505845408665,37.3879658937551,0.5717444681296185
37.7542521524315,39.01764373588905,38.318598365521616,38.36349808461406,0.6328914297640488
38.077457156878,38.11443516634448,37.12662829145664,37.772840204893036,0.5599412657559488
37.184087835044316,37.25123088631042,37.16538117101395,37.20023329745623,0.04514477125306986
38.44193607770237,39.07911525454944,38.177303525047066,38.566118285766294,0.4635536802429039
38.4362895194391,38.115906039172046,38.485132496446006,38.34577601835238,0.20056561170101198
39.40288998337506,38.78996743390846,37.40620532105623,38.53302091277991,1.0228409193148587
38.01237768910893,39.13048881533269,37.90509493240071,38.34932047894745,0.6786349348507634
38.775498326987034,38.543047849059114,38.28989920323105,38.53614845975906,0.24287307061030786
39.50448532420362,39.27621322908266,39.46286774324143,39.41452209884257,0.12157307823685522
40.124359326510216,38.756883651689336,37.66823037010498,38.84982444943484,1.230699336368249
39.1171161570127,40.507053947502875,38.94631156938404,39.52349389129987,0.8560586077525836
38.95437143500932,39.536041590827445,40.07656554616121,39.522326190666,0.5612227631940703
39.3662068673986,39.011548625695816,39.47465419442901,39.284136562507804,0.24221548909302631
39.35671764803402,40.54505981052188,40.23805910821987,40.04661218892526,0.6168696912372401
39.73776305658395,40.82392423210907,40.102956690067955,40.22154799292033,0.5527064751192036
40.13398796082755,39.441171440148295,39.745977732123485,39.77371237769978,0.34723996134583607
39.14298513462916,39.84260869105438,39.76198671181056,39.58252684583136,0.38278278801328264
39.95633024543928,40.32652530039294,39.994922831861025,40.09259279256441,0.2035083796699442
39.828662432018916,40.31788175052065,39.87957253519864,40.0087055725794,0.2689616913357933
39.84632922813767,39.38921103493936,40.43115197178541,39.88889741162081,0.5222731724420648
39.522637481596895,41.084618247969075,40.551902247892215,40.38638599248606,0.7940357055774708
39.54622963109281,40.57601798614297,39.76798708544105,39.96341156755894,0.5419954429767065
39.647056848422274,40.71389726795203,40.33861866484239,40.23319092707223,0.5411777675626613
39.830822353637735,40.706964598753466,40.97893102099365,40.50557265779495,0.5999645101393261
40.4095919191984,40.71909967817488,40.57090040284046,40.56653066673791,0.15480014264161746
40.28258243521754,40.037021040436564,42.09833064405006,40.80597803990139,1.1259247487017428
40.726902785391495,40.51644008112718,40.32682142004902,40.52338809552256,0.20013115924713767
40.83486657169944,42.255589981631644,40.24891109729855,41.11312255020988,1.0318720019409748
40.72247223967103,40.63076614964716,41.022568911409806,40.79193576690933,0.20492983492771222
42.22803518498478,40.66480078537483,41.17713065808868,41.3566555428161,0.7969299437267167
40.953100216443445,40.972579711647626,40.15155093777027,40.692410288620444,0.4684991896843689
41.15512468524274,41.516169734612355,41.891455735209036,41.520916718354705,0.36818847643171093
41.46236121435016,41.16350281133612,40.70197548543732,41.10927983704121,0.38308186121195736
41.29546148914635,40.60850798524286,40.474374687352196,40.79278138724714,0.44046952111900906
41.2629202689111,41.33658267720154,40.65039571404845,41.08329955338703,0.3767105496058609
41.17307563948133,41.133893822386526,41.230577952242115,41.17918247136999,0.04863049751205881
40.03880338262673,40.23366699231412,39.83126845184984,40.03457960893023,0.2012325185950962
40.3203469397335,41.22016469516877,40.85567058467632,40.79872740652619,0.45260346044028466
41.00545485189587,40.49901607666344,41.07766994758034,40.86071362537988,0.3153134830161771
40.89754825939226,40.56759502292639,40.66692628037341,40.71068985423069,0.169274104224912
40.645808809207026,40.79233656221968,41.605460125708774,41.01453516571183,0.5169737197007983
41.42177881503205,41.54063527330562,40.88418076250386,41.282198283613845,0.34977875114311285
41.02504477765875,40.560132703749,41.33343226896715,40.97286991679164,0.3892810250596904
41.28163763079816,40.847000334523784,41.49420482492371,41.207614263415216,0.32989090209869415
40.71065354590256,40.33140410690076,41.18933640226183,40.74379801835505,0.4299254271341633
41.24295011654875,42.385903081819855,39.83394780953249,41.154267002633695,1.2782869196542195
41.05098856595566,41.953227918072656,41.00301105850453,41.33574251417762,0.5352958325289577
41.312880999533085,41.712055667951425,41.056605015783134,41.360513894422546,0.33031130598818814
40.67900332043836,39.779889238789515,40.758100401680394,40.405664320302755,0.5433782536570917
41.47168188060249,42.10766555298198,41.04348243633563,41.54094328997337,0.5354617479893532
40.92657694490106,40.5376974964145,41.724856891731875,41.06304377768247,0.6052307450961343
41.36681450359207,41.237023962040034,41.41403527445367,41.339291246695254,0.09165914266048475
41.53626183369013,40.28904277608938,41.458254050037645,41.09451955327239,0.6986529413903829
41.78066558532887,41.28663885756663,42.050321728637094,41.70587539051087,0.387295832435999
42.21324124174331,41.66879110174998,41.555267304783065,41.812433216092124,0.3517203693124006
41.4239091788356,41.976414487441275,42.14016863169918,41.84683076599202,0.37530102131833887
41.42615618012474,41.39516741744345,41.375455708939576,41.398926435502595,0.025558405802713197
41.57273698564397,41.06577261405078,41.33997414811104,41.326161249268594,0.2537642915128991
41.188503099742285,41.07720795786155,42.31787292037569,41.52786132599318,0.6864294512880881
40.35756014823099,41.950098683314174,41.666240939958506,41.32463325716788,0.8494507655758549
42.35762426779653,41.30517739673973,40.702687024305156,41.45516289628048,0.8376013714936672
41.00206697365098,42.049728687979616,42.168236834623876,41.74001083208483,0.6418192104132083
40.72748968276025,40.99251072085638,40.80085933916294,40.840286580926524,0.13683902295471348
41.83307677200108,42.07501473298108,42.070093188901595,41.992728231294585,0.13828411600737525
42.03454643839021,41.93028537495445,41.66890448162045,41.8779120983217,0.18836329317715247
40.90212827275997,41.11713334412144,40.879568836004864,40.96627681762876,0.13113161608001042
40.330916414981616,42.07009493748092,41.703910509481496,41.36830728731468,0.9168738328294014
42.69456412197504,41.52594348891278,40.88418512005586,41.701564243647894,0.9178779983024815
40.97209608969364,41.86651616812549,40.86014437896534,41.23291887892816,0.5515590993197439
42.17259548231908,41.08785091251196,40.99564924576023,41.41869854686376,0.6545194640380436
41.07421155059623,40.74822612022687,42.05078017866336,41.291072616495484,0.6778151003146541
40.33024163416732,41.59012551234813,41.53541590011704,41.15192768221083,0.7121265734261274
41.25550538649881,41.80471753531263,42.17152422939728,41.74391571706958,0.4610263289254834
42.15202528174754,41.32454337748969,41.94123750264341,41.805935387293545,0.43001345593151014
39.81390413308372,40.80747078156371,41.580855918893995,40.73407694451381,0.885759360567086
41.16840706389225,41.388481146574385,41.788868742017456,41.44858565082803,0.3145673013508686
41.775707755073945,41.380285913929,41.107285050745475,41.42109290658281,0.33607459871661294
41.67917413883195,41.10690946333604,41.99285010250897,41.59297790155899,0.4492160365843447
40.90426661287657,41.209850546173364,40.67775988151779,40.93062568018924,0.26702288137086466
40.371922554305975,41.25728202364291,41.65158227532949,41.093595617759455,0.6553450846735447
42.815214943695594,41.96681115966399,41.727375478320624,42.169800527226734,0.5716224174352048
41.2313057774678,41.57464248150033,41.51589108673544,41.44061311523452,0.18363034288741217
41.58610150376885,42.27952172669296,41.77319458827867,41.87960593958016,0.358748425995694
40.51517307716868,41.67925008920449,42.43570642251503,41.5433765296294,0.9674493789292097
41.97744566843967,42.08219713027112,41.271818185045056,41.77715366125195,0.4407563667423211
41.005560349558415,42.00659043836168,41.312622084677535,41.44159095753255,0.5128255427496613
41.35249223404438,41.219136087586,40.738757685855404,41.10346200249526,0.3228047310393165
41.08372098439306,40.884901379991376,41.296993927863845,41.088538764082756,0.2060885131535952
40.92960705937263,41.31813145642387,40.72494024090264,40.99089291889971,0.30130702277970356
42.108415588516024,42.48387840368844,40.288940948256574,41.62707831348701,1.1739683929151148
40.65783968522427,41.87219245230321,40.99829653198642,41.176109556504635,0.6263994448387603
41.08998307893623,40.55372668549176,41.824219122797,41.15597629574166,0.6378119525461221
40.56207675627414,41.855553683378595,41.803315078760285,41.406981839471,0.7321752984511612
41.374890711372984,42.03837138047352,40.833219191814315,41.41549376122027,0.6036011971494046
41.454616256610116,41.4825766007883,41.63667712283283,41.52462332674375,0.09804328189692867
42.01650368590564,40.99164082600923,41.71837783863625,41.575507450183714,0.5271574065885797
42.09936432586549,41.31253350422537,40.439579978882925,41.2838259363246,0.8302644837418771
41.08460902370902,41.02051917807549,41.012983989367974,41.03937073038416,0.03935825395547911
40.87110441004093,41.74580079374064,42.02576065500062,41.547555286260724,0.6023153010949319
41.28157790241609,40.79094451285778,40.66577722196834,40.9127665457474,0.3254736168770029
41.78701837851747,41.363676021534616,42.277494779188444,41.80939639308018,0.45732019648362693
40.703616511986155,41.1800304403032,40.79529371412866,40.892980222139336,0.25278359946624185
41.12090078585717,41.656709536347705,42.15052814533973,41.64271282251487,0.5149563630516146
40.89094590256113,40.835063697731435,40.18966031126072,40.63855663718443,0.38975843643853464
41.081261374567774,42.19554570712103,41.90979358705444,41.72886688958108,0.5787557739127746
40.9005488966538,41.24522016141772,40.974155865241066,41.039974974437534,0.18151773064924426
41.66043622888222,41.71039747083636,40.93808385740175,41.436305852373444,0.4321954403155831
42.325347029759286,43.27232452583256,41.460936722766846,42.35286942611956,0.9060074806533702
41.622889651288794,41.62937954846946,40.96498508815216,41.40575142930347,0.3817286409352703
40.835002140985935,40.97222200272885,42.35344151501733,41.386888552910705,0.8398665334635051
41.55103625854746,41.09495963677743,41.48684388834532,41.3776132612234,0.24688047443525374
41.12127187086156,40.44626615928988,41.63286412389521,41.06680071801555,0.5951714141914581
40.55809550815337,40.92225597147115,41.562294209288034,41.01421522963752,0.5083759796764762
41.667440174937845,41.655224521886204,42.22528864549577,41.849317780773276,0.3256576022220384
40.51408416195684,40.536507774931465,40.37039056419397,40.47366083369409,0.09013471044320183
41.82566796258641,41.507414592289095,42.57893844772029,41.97067366753193,0.5502825038465191
41.410779594479344,42.79803119641085,42.287433563559055,42.16541478481642,0.7016289536070788
41.30974268304322,41.2326532831354,41.29466533247932,41.27902043288598,0.040856652542777074
40.929356575210406,41.93549832473651,41.96026891313287,41.60837460435993,0.5881772763758828
41.746648349724566,43.14231469550723,42.43267809479453,42.44054704667545,0.6978664467434743
42.18274962551531,41.79195204381979,41.75428653208511,41.909662733806734,0.23724883669018323
40.76098648781793,42.31781100711681,42.38122553358142,41.820007676172054,0.9176871790424648
41.44762923937048,41.05674869424833,41.17384041468428,41.226072782767694,0.20060674302088802
40.30531155071772,41.45550901639431,40.877688035646706,40.87950286758625,0.5751008804752777
40.523966436782,41.824532264500405,41.32481558836535,41.22443809654925,0.6560675260250922
41.311833054523,42.569043878812195,41.78212819223411,41.88766837518977,0.6352155632863657
41.31559868775374,41.34337187478019,42.245200803918124,41.634723788817354,0.5288709454622771
40.82599442264231,42.686895731635246,41.63134306660356,41.71474440696037,0.9332498369316173
41.248315029811586,41.300138613790175,41.988157924341145,41.51220385598097,0.41300197015940393
42.20421681494844,41.728273339081305,41.839661514219124,41.92405055608296,0.24894111923333156
41.36921984372409,42.48430677021751,41.471121256085745,41.77488262334245,0.6164883937166867
41.568597708331,41.526060298959905,42.28663034387286,41.793762783721256,0.4273653959860899
40.74152301028363,41.36512407384217,42.46874049429993,41.52512919280858,0.8746549535928385
40.9571711425154,41.399365583261186,41.55199727041531,41.302844665397295,0.3089364761517594
42.07815766058434,41.582944285667615,41.25828614619152,41.639796030814495,0.4128818423264412
42.99115784535674,42.48665252208276,43.19253485487508,42.89011507410486,0.3636271416626887
41.99157812104389,40.91188586386654,41.969401505201745,41.624288496704054,0.6170584121685111
41.92826157379822,41.83661525818411,41.625979889598405,41.796952240526906,0.15499490436116037
42.494022717357254,42.155467155145274,42.95975195633297,42.53641394294517,0.40381465099785313
41.574177059079304,41.68709296579064,43.184084112308454,42.148451379059466,0.8986594845266411
41.671842588256155,42.39155784540617,41.85609261876807,41.97316435081013,0.3738674306169547
40.93411397230003,41.86693884819162,41.62232401367446,41.47445894472204,0.4836720182445624
41.94996308614476,42.22409422707152,42.387668735484944,42.18724201623374,0.22116763540084547
41.360721978499924,42.02468313152101,42.773690981666554,42.0530320305625,0.7069109533987101
42.491080340146056,42.667681520903436,42.05828872008627,42.405683527045255,0.3135432317684093
42.27899650816222,41.71794769798948,41.04371777977375,41.68022066197515,0.6185029354312558
41.09548877552705,41.20016019338332,41.508070008736816,41.26790632588239,0.21447137886128126
40.9699108083352,41.07441824688914,40.83183115434581,40.95872006985672,0.1216801086370616
41.44582707524225,41.41516556653437,41.728373814155404,41.52978881864401,0.1726616122962971
42.052258238103946,41.182850960513974,42.07161014942029,41.76890644934607,0.5076311664097941
42.11094861077462,41.70715967287955,41.31207819212761,41.71006215859393,0.3994431183094848
41.30131111769038,42.13490635171503,42.62183012980575,42.01934919973706,0.6678006490484143
42.10903432127683,42.70600713772191,41.39301299427691,42.06935148442522,0.6573959619861254
40.79095996803067,42.35300303357284,42.05812677596115,41.734029925854884,0.8299239187050197
42.32574518406045,42.0161341916263,42.52750472412792,42.28979469993822,0.2575738405956924
40.60192087698876,42.67437059794676,41.359268374676915,41.54518661653748,1.0486592182244527
41.2483689833261,41.905944968821274,42.81621725664483,41.9901770695974,0.7873108262547909
41.34367905294836,41.97422223113296,42.44021176540879,41.919371016496704,0.5503203514174827
41.804815124865854,42.995627505170766,41.68834390822132,42.16292884608598,0.7234857833488266
41.470805060122444,42.85287736058516,42.53442086782368,42.28603442951043,0.7237422386319821
41.36467825094029,42.28230072316985,42.457172756272094,42.03471724346074,0.5868213063733275
42.01177575653306,41.68069548679576,42.6867205240744,42.12639725580107,0.5127135262295189
42.11633437600289,41.89768022507944,42.08335526306884,42.03245662138372,0.1178788073533828
41.00376800354049,42.014712360442736,42.43019011906537,41.816223494349536,0.733633686104204
41.29953943996927,41.27060867179353,42.24096803640564,41.603705382722815,0.5520751893274743
41.30345829789705,41.654896221548086,42.40399348151851,41.78744933365455,0.5621140171210925
41.24341857007914,42.819034040928166,41.93956326755848,42.00067195952193,0.7895832648744587
41.6005919315574,40.80033025481895,42.784632309988,41.72851816545479,0.9983173355834308
42.26604777185693,41.378295380335125,40.89448806204544,41.512943738079166,0.695623205893048
42.540072060476746,41.55194962852153,41.43630714156304,41.842776276853776,0.6066377449444349
41.48524460439933,42.01313954702837,43.237421194991704,42.24526844880646,0.8988568136447038
42.57574593196635,41.1923339031564,42.898709181774706,42.22226300563249,0.9064445831252386
41.77512873520668,42.62220239721902,42.128761266705354,42.175364133043686,0.4254554237308075
43.05037592207625,41.441092611614835,42.13480306740121,42.2087572003641,0.8071865358571906
41.66095696064321,41.28968605375804,42.24435985338547,41.73166762259557,0.4812489108653379
41.80412499829942,41.573277039057345,42.10805292023112,41.82848498586263,0.2682188798665294
40.94356724425484,42.75441677800823,42.715388463127,42.13779082846335,1.0344120451495604
41.776510625116465,41.58295099633474,41.86843080897166,41.74263081014095,0.14572426789277118
41.69502732563656,41.436885119337155,42.85114812776249,41.994353524245405,0.7531481223041631
42.00878204317283,41.46372630027314,41.11566983415359,41.52939272586652,0.4501626528961097
41.52247837928946,42.72683671794946,41.677024599848906,41.97544656569594,0.6552949749921605
41.86249056877061,41.850717075419524,42.63350806404523,42.115571902745124,0.4485845005939697
42.301772313324584,42.15485538447861,41.86598599393768,42.10753789724695,0.22171296193419743
43.00054089006205,42.662491042849986,43.27555253703757,42.97952815664987,0.3070704318848798
41.35173555985997,41.95972070975928,41.85371288044655,41.72172305002193,0.3247729547332447
40.94310915344532,41.421749025785026,40.84160159534564,41.06881992485866,0.3098308551425429
41.19434471398178,41.17597536221713,42.20171808545377,41.52401272055089,0.586981924325332
41.37620029481565,41.72765051901557,42.44644238203202,41.85009773195441,0.5455268291107945
42.27244147825914,41.82407792923005,41.854043603404165,41.98352100363112,0.25066065886300976
41.463808119384765,42.2562281634839,41.96419723750583,41.8947445067915,0.40074947651279025
42.53259711098156,41.41656646068879,41.26146517551895,41.7368762490631,0.6934643968759523
40.99462530796273,42.85844110323603,42.41414898360384,42.08907179826753,0.9735033189451361
42.59609225142117,41.70034959957462,42.13727171158617,42.144571187527326,0.4479159366957516
41.60385738875843,41.418262730841576,42.743866015614614,41.92199537840487,0.7177846839355645
41.3988450927107,41.63833799535968,42.02744261522338,41.68820856776458,0.31725229206621025
41.967891358255606,42.528542958698864,42.53634233509375,42.34425888401607,0.32596716614304744
42.50952623677326,41.9630324182138,42.30843022269557,42.26032962589421,0.27640391457143065
41.233288574157015,43.07672707732479,41.493609354665956,41.93454166871592,0.9976885074613487
41.184345085103935,41.2365081568701,42.460455822235964,41.627103021403336,0.7221758196628528
41.645459042779926,41.98079082936937,41.51414464298193,41.71346483837707,0.24064134514581115
41.90514987796042,41.59874509938522,43.267095944811544,42.25699697405239,0.8880855364940642
42.50348475052371,41.63627859260251,42.97671421378509,42.3721591856371,0.6797990266456488
41.943349757155204,41.625395297368655,42.20409849201109,41.92428118217831,0.28982245390251815
42.061397258306,41.95501686814712,42.90349552377196,42.306636550075034,0.5196245497611764
41.32584192016989,41.97802576267821,42.2376351803123,41.84716762105347,0.4697708241604533
41.083014735495595,42.329292048173,42.56983736997823,41.99404805121561,0.7980925947059322
43.263712762538866,42.236218384909904,42.793733297106826,42.76455481485186,0.5143682648500092
41.85292371254018,41.49272462398733,42.38948680125701,41.911711712594844,0.45126225452411095
41.9108100784242,42.45360026515965,41.27867512413075,41.8810284892382,0.588028467887634
42.72740059445865,41.110080331847335,43.34904617462853,42.395509033644835,1.1557923764196583
41.34255903692971,41.55918631404356,42.21510993423474,41.705618428402666,0.4543325216003296
41.84933801346303,42.30979968668161,42.23481802381683,42.131318574653825,0.2470634333700487
41.10678134502863,42.10208239940373,42.274055003981594,41.82763958280466,0.6301754465293666
41.025758519217064,42.499139486530794,42.14059692990111,41.88849831188299,0.7683606923935984
41.994722625001714,42.61165972149579,42.200441782882365,42.268941376459956,0.31412098146710427
40.909521383549105,42.04551683683219,41.770534784050845,41.57519100147738,0.5926557284904477
41.06551396775974,41.8833416034056,42.55296855937868,41.833941376848,0.7449567620473144
42.550985402857876,41.97338355273659,42.31307644256909,42.27914846605452,0.29029175842359406
40.721805587350794,42.933866868335855,41.7568417734452,41.80417140971061,1.1067898845580764
41.087954577410095,41.634325758073146,42.18621755510687,41.63616596353004,0.5491338013744378
41.82311762902793,41.86119082433464,42.15491745253749,41.946408635300024,0.1815746050513187
42.00820612905844,41.46589822232921,41.29683808939506,41.59031414692757,0.37164581752507375
41.37552562814125,42.42142111532762,42.02138915026735,41.93944529791207,0.527740882188714
41.58654622461349,41.649880633761036,42.9441327305332,42.06018652963591,0.7661745730615708
42.082904414951706,41.638879525302215,41.97127661722911,41.89768685249434,0.23097860455537686
42.01085082272645,42.870910928702685,42.536085464126636,42.47261573851859,0.43352871995351716
42.427070700717074,42.104433890924874,43.09667906558083,42.54272788574092,0.5061324530127842
41.93280916220848,42.09815706536099,41.91101706566116,41.98066109774354,0.10233621388712522
42.7952326169098,42.31502114930657,41.837952427332716,42.31606873118303,0.47864095458916306
41.848181383462695,41.75950161800907,42.46282682082021,42.02350327409733,0.38304034934861614
41.706664085777405,41.806385748186024,42.1369845093894,41.883344781117614,0.2252463902190786
42.466824000895045,41.7564039694026,42.831890802015096,42.35170625743758,0.546906804606388
41.23668079434527,42.230572723210955,42.40200413653911,41.95641921803178,0.6291778216585348
42.19237436982297,41.376559372691645,42.56203850242127,42.04365741497863,0.6065704750890504
41.048584605325686,42.576091380021225,42.506064061220606,42.04358001552251,0.8624023748107107
41.549644948602435,42.2981538099643,40.535777714993095,41.461192157853276,0.8845113324174947
42.00606052846281,42.018346908984654,42.4118149816831,42.14540747304352,0.23079744210290185
41.468437533638095,42.64298292601564,41.68546584370756,41.93229543445377,0.624966282962357
41.59269936325321,41.49394154103182,42.06535579269219,41.71733223232574,0.3054154151153497
40.87902427944227,41.23389548980501,41.90723331187775,41.340051027041675,0.5222597075784987
41.706311393283315,41.314848938273386,41.82403291362626,41.61506441506099,0.2665737955333738
40.86126058497349,41.44038200841396,41.64263697728295,41.314759856890134,0.4055526603657547
42.10332805954497,42.56047323988225,41.59866184950863,42.08748771631195,0.4811013147128298
41.446788975446054,41.05868368356106,42.334669705924235,41.61338078831045,0.6541022140320539
41.77325394548525,41.46457083634857,42.466267303882866,41.90136402857223,0.5129893744602176
41.67648173129814,41.67535278804626,41.41177148272307,41.58786866735583,0.15250568007422974
41.92842948755082,42.00918207726201,43.48563454505939,42.474415369957406,0.8766717802328968
40.872605566336375,42.22461701361952,41.401523063072105,41.499581881009334,0.6813188587053804
42.162538581567894,41.86119566334586,42.247583127610596,42.090439124174786,0.20303341338932088
43.34604348352317,42.07912168485436,43.48195457521837,42.96903991453197,0.7736819746160821
41.69244886963768,42.793717829556584,41.937860097635635,42.141342265609964,0.5781453753450484
41.20283310754593,42.03081730702617,42.72601743991395,41.98655595149535,0.7625561804142209
42.35309434592377,42.05658138201396,41.97266022673089,42.12744531822287,0.19987196615028863
42.311099475302335,41.56366422803324,42.14908993908163,42.00795121413907,0.3931983811943559
42.167927441709324,41.8469941840904,41.798963771326214,41.93796179904198,0.20059879796032745
41.7126220180289,41.209917688136194,42.45308526862344,41.79187499159618,0.6253616422983341
42.815810342912165,41.17415158028395,42.37701301170711,42.12232497830107,0.8499472742462789
41.43691472214566,42.27415222188776,42.79469931700416,42.168588753679195,0.6850200623879068
42.60582941124553,41.52178456432985,41.811353809407656,41.979655928327674,0.5612775694394331
41.53929517052821,41.7585236381314,42.22148225497488,41.83976702121149,0.3482745612547458
41.78738217428751,40.921874840474416,41.80494649477277,41.504734503178234,0.504847666275612
41.28915567582883,41.21323834063148,40.91771787631818,41.140037297592826,0.19624042461426833
41.677985632921796,42.08607224704815,42.280080939294294,42.01471293975475,0.30732523902535847
42.51241823542876,43.354930358850744,42.95660427342708,42.94131762256887,0.421464032628053
41.18968439078813,41.47152674824986,42.889267548856836,41.85015956263161,0.910861039836858
41.90098474717012,42.24482935847973,43.24038923531267,42.46206778032084,0.6956259732479182
39.60464971075483,41.70455768606853,42.323297282064615,41.21083489296266,1.4249851934568833
41.594285882753475,42.174674282226526,42.16038895525998,41.976449706746656,0.3310406454175326
42.29619686632707,41.54440691176296,42.05393311592,41.96484563133668,0.3837309850375841
42.42527006068734,41.017403429282986,41.633734586812594,41.69213602559431,0.7057479429614306
42.03388991711919,42.0931371374538,42.728065905339776,42.28503098663759,0.3848214036035863
42.41455560393653,41.65475772577481,40.26591486890902,41.44507606620679,1.0895591084582263
43.00265842468379,41.60058749182993,41.806533095300665,42.136593003938124,0.7570702626941243
41.3955796416252,42.07329418399179,42.5592529633141,42.009375596310356,0.5844639332679248
42.26642148773247,41.06985022293242,41.79869857052605,41.711656760396984,0.6030156759730262
42.107243746685,41.46627320570767,40.26562243512569,41.27971312917279,0.9348774039492467
42.086294931735715,42.049308065408496,41.86987605959616,42.00182635224679,0.11575908978614725
42.5303649692325,42.089817342163805,39.58991131099239,41.40336454079623,1.5858688519053055
42.19226926890586,41.540600982937214,43.45366489214905,42.395511714664046,0.9725913833674156
41.86337975653067,41.29726517353433,42.06554614955794,41.74206369320765,0.39824879779491507
41.70676218247375,42.03477992728934,42.30052073256016,42.01402094744108,0.2974231083548033
41.684891098145535,41.502894338511354,42.634644301488,41.94080991271497,0.6077296474686567
42.435572827969295,42.9980514989661,42.06789788304529,42.50050740332689,0.468464311992165
41.998119070812095,42.78255973288013,41.34933396263187,42.0433375887747,0.7176820764802356
